Reviewer,Local Guide,Reviews,Photos,Stars,Review,Date,Visited on,Wait time,Reservation recommended,review_text_raw,rating,review_date,reviewer_name,char_len_raw,clean_text,tokens,word_count,char_count,sentiment_score,sentiment_label
Jerry Leonhardt,False,2,0,1,Do not get concert tickets here unless you get floor seats or the lower 100 section. All 200 section seats are above the lights. The two jumbo trons are at floor level. Concert goers in the 200 section were taking pictures of musicians on jumbo tron and blowing them up in editing just to see who was singing. Had a better experience at concerts at Bank of America Stadium,a day ago,,,,Do not get concert tickets here unless you get floor seats or the lower 100 section. All 200 section seats are above the lights. The two jumbo trons are at floor level. Concert goers in the 200 section were taking pictures of musicians on jumbo tron and blowing them up in editing just to see who was singing. Had a better experience at concerts at Bank of America Stadium,1.0,,Jerry Leonhardt,372,not get concert ticket unless get floor seat lower section section seat light two jumbo trons floor level concert goer section taking picture musician jumbo tron blowing editing see singing better experience concert bank america stadium,"['not', 'get', 'concert', 'ticket', 'unless', 'get', 'floor', 'seat', 'lower', 'section', 'section', 'seat', 'light', 'two', 'jumbo', 'trons', 'floor', 'level', 'concert', 'goer', 'section', 'taking', 'picture', 'musician', 'jumbo', 'tron', 'blowing', 'editing', 'see', 'singing', 'better', 'experience', 'concert', 'bank', 'america', 'stadium']",36,372,0.1779,positive
Shanon Kornegay,True,17,16,5,It's the Spectrum who doesn't love the Spectrum center. Arrive early,a week ago,,,,It's the Spectrum who doesn't love the Spectrum center. Arrive early,5.0,,Shanon Kornegay,68,spectrum love spectrum center arrive early,"['spectrum', 'love', 'spectrum', 'center', 'arrive', 'early']",6,68,-0.5216,negative
Greg,True,179,0,1,"The customer service at this place is horrible!! I was planning on going to the Hornets game tonight against the Knicks but had a few questions before going. I checked the website and it was not clear about some things. So, I decided to call the Spectrum Center. I called 5 times throughout the day starting at 9:30. I was never able to get a human being on the phone now matter what button I pressed. It was VERY ANNOYING!!!!!! I have now decided to never go to any event at this place. I used to go to 2-3 Hornets games a season. But because of their rules and horrible customer service I will never go there EVER!!!!!! Even if I got free tickets to an event I really would like. I wish Google would allow you to leave a review with zero stars.",a week ago,,,,"The customer service at this place is horrible!! I was planning on going to the Hornets game tonight against the Knicks but had a few questions before going. I checked the website and it was not clear about some things. So, I decided to call the Spectrum Center. I called 5 times throughout the day starting at 9:30. I was never able to get a human being on the phone now matter what button I pressed. It was VERY ANNOYING!!!!!! I have now decided to never go to any event at this place. I used to go to 2-3 Hornets games a season. But because of their rules and horrible customer service I will never go there EVER!!!!!! Even if I got free tickets to an event I really would like. I wish Google would allow you to leave a review with zero stars.",1.0,,Greg,746,customer service place horrible planning going hornet game tonight knicks question going checked website not clear thing decided call spectrum center called time throughout day starting never able get human phone matter button pressed annoying decided never event place used hornet game season rule horrible customer service never ever even got free ticket event really would like wish google would allow leave review zero star,"['customer', 'service', 'place', 'horrible', 'planning', 'going', 'hornet', 'game', 'tonight', 'knicks', 'question', 'going', 'checked', 'website', 'not', 'clear', 'thing', 'decided', 'call', 'spectrum', 'center', 'called', 'time', 'throughout', 'day', 'starting', 'never', 'able', 'get', 'human', 'phone', 'matter', 'button', 'pressed', 'annoying', 'decided', 'never', 'event', 'place', 'used', 'hornet', 'game', 'season', 'rule', 'horrible', 'customer', 'service', 'never', 'ever', 'even', 'got', 'free', 'ticket', 'event', 'really', 'would', 'like', 'wish', 'google', 'would', 'allow', 'leave', 'review', 'zero', 'star']",65,746,0.7687,positive
Sue Hill,False,7,0,2,"Prior to attending the ACC tournament, I emailed 3 customer service names listed with no response and called to receive the message the voice mail was full. I have 3 major food allergies and needed to know what was available and if I could simply bring in a sandwich. Our university was told by Spectrum my allergies were covered by Spectrum restaurants If I chose to bring a sandwich, I would check it at a desk then return to eat in front of someone. Day 1 I chose to explore available options. There were NONE that were dairy andor gluten free. Many didnt know what gluten was. The remaining time, I ate before and after the event. Disappointing and Frustrating. Staff at the event were awesome. Friendly. The facility is nice.",3 weeks ago,,,,"Prior to attending the ACC tournament, I emailed 3 customer service names listed with no response and called to receive the message the voice mail was full. I have 3 major food allergies and needed to know what was available and if I could simply bring in a sandwich. Our university was told by Spectrum my allergies were covered by Spectrum restaurants If I chose to bring a sandwich, I would check it at a desk then return to eat in front of someone. Day 1 I chose to explore available options. There were NONE that were dairy andor gluten free. Many didnt know what gluten was. The remaining time, I ate before and after the event. Disappointing and Frustrating. Staff at the event were awesome. Friendly. The facility is nice.",2.0,,Sue Hill,730,prior attending acc tournament emailed customer service name listed response called receive message voice mail full major food allergy needed know available could simply bring sandwich university told spectrum allergy covered spectrum restaurant chose bring sandwich would check desk return eat front someone day chose explore available option none dairy andor gluten free many didnt know gluten remaining time ate event disappointing frustrating staff event awesome friendly facility nice,"['prior', 'attending', 'acc', 'tournament', 'emailed', 'customer', 'service', 'name', 'listed', 'response', 'called', 'receive', 'message', 'voice', 'mail', 'full', 'major', 'food', 'allergy', 'needed', 'know', 'available', 'could', 'simply', 'bring', 'sandwich', 'university', 'told', 'spectrum', 'allergy', 'covered', 'spectrum', 'restaurant', 'chose', 'bring', 'sandwich', 'would', 'check', 'desk', 'return', 'eat', 'front', 'someone', 'day', 'chose', 'explore', 'available', 'option', 'none', 'dairy', 'andor', 'gluten', 'free', 'many', 'didnt', 'know', 'gluten', 'remaining', 'time', 'ate', 'event', 'disappointing', 'frustrating', 'staff', 'event', 'awesome', 'friendly', 'facility', 'nice']",69,730,0.7269,positive
Bob Irvin,True,35,29,4,The area between 116 112 is very nice! The big bar. The variety of food choices. Great idea. Good place to see basketball game or a concert. Parking is challenging tho. 6 levels of spiraling up down. I understand why people leave early - to reduce the car exit time! But that's an unfortunate reason!! You pay all this money. Leaving early is sad.,3 weeks ago,,,,The area between 116 112 is very nice! The big bar. The variety of food choices. Great idea. Good place to see basketball game or a concert. Parking is challenging tho. 6 levels of spiraling up down. I understand why people leave early - to reduce the car exit time! But that's an unfortunate reason!! You pay all this money. Leaving early is sad.,4.0,,Bob Irvin,347,area nice big bar variety food choice great idea good place see basketball game concert parking challenging tho level spiraling understand people leave early reduce car exit time that's unfortunate reason pay money leaving early sad,"['area', 'nice', 'big', 'bar', 'variety', 'food', 'choice', 'great', 'idea', 'good', 'place', 'see', 'basketball', 'game', 'concert', 'parking', 'challenging', 'tho', 'level', 'spiraling', 'understand', 'people', 'leave', 'early', 'reduce', 'car', 'exit', 'time', ""that's"", 'unfortunate', 'reason', 'pay', 'money', 'leaving', 'early', 'sad']",36,347,-0.7328,negative
Hurt Lisette,False,1,4,5,I miss my Billie.,a month ago,,,,I miss my Billie.,5.0,,Hurt Lisette,17,miss billie,"['miss', 'billie']",2,17,-0.1531,negative
Jimmy Mak mta,True,329,0,3,There wasn't enough staff visible to help the motorist find parking,a month ago,,,,There wasn't enough staff visible to help the motorist find parking,3.0,,Jimmy Mak mta,67,enough staff visible help motorist find parking,"['enough', 'staff', 'visible', 'help', 'motorist', 'find', 'parking']",7,67,0.4019,positive
Folami Iam,True,33,0,3,Went for the new edition concert. Sound quality was very poor and staff at the end of the night were rude. Otherwise it is a nice venue. Good set up. Easy to get to with lots of hotels in walking distance.,a month ago,,,,Went for the new edition concert. Sound quality was very poor and staff at the end of the night were rude. Otherwise it is a nice venue. Good set up. Easy to get to with lots of hotels in walking distance.,3.0,,Folami Iam,205,went new edition concert sound quality poor staff end night rude otherwise nice venue good set easy get lot hotel walking distance,"['went', 'new', 'edition', 'concert', 'sound', 'quality', 'poor', 'staff', 'end', 'night', 'rude', 'otherwise', 'nice', 'venue', 'good', 'set', 'easy', 'get', 'lot', 'hotel', 'walking', 'distance']",22,205,0.2975,positive
Shaheed Mujaahid,True,121,80,2,Cup holders are on the floor on the 2nd level it's easy to trip over as well as in an unsafe location,Edited a month ago,,,,Cup holders are on the floor on the 2nd level it's easy to trip over as well as in an unsafe location,2.0,,Shaheed Mujaahid,101,cup holder floor level easy trip well unsafe location,"['cup', 'holder', 'floor', 'level', 'easy', 'trip', 'well', 'unsafe', 'location']",9,101,0.6124,positive
daniel stegner,True,164,20,5,NIN Whats not to love. The staff there are really friendly.Seat comfortComfortable,a month ago,,,,NIN Whats not to love. The staff there are really friendly.Seat comfortComfortable,5.0,,daniel stegner,82,nin whats not love staff really friendly seat comfortcomfortable,"['nin', 'whats', 'not', 'love', 'staff', 'really', 'friendly', 'seat', 'comfortcomfortable']",9,82,-0.5216,negative
Original Asherella,False,5,1,3,"Saw NIN at the Spectrum Center last night, the show was great however the venue is getting increasingly more difficult to visit. Security is jerky and defensive in general, I've seen many bands at the Spectrum Center going all the way back to when it was still Time Warner. I frequently go to concerts and am well versed in venuearena etiquette. That being said, a few years back I purchased a LIVE NATION concert bag, which is basically a small clear rucksack, at a concert in which my already small bag was still too big. Since then, I have taken this 'concert bag' to every show I've been to including ones at the Spectrum Center because it is literally designed to meet venue bag requirements. Last night however, security tried to keep me from entering with my 'concert bag'. The measuring board they were using for bag sizing was 2 centimeters shorter than my bag that was literally designed and sold by the people that sold me the tickets to this concert!!!!! Like... excuse me?!?! I finally convinced them to let me in with it BUT after that I had a Zippo lighter in my bag and they wanted me to throw it away!!!! My concert companion ran it back to the hotel but seriously?!?! Your staff asked me to throw away a 50 lighter!!! One even said 'if you throw that away I am gonna take it'. Evidently they weren't allowing anyone inside with lighters, vapes or even a pack of cigarettes!!! What?!? I understand safety and security rules and regulations, most of which I think are pretty reasonable and it is reassuring no one is allowed in with a knife or weapon BUT what is someone going to do with a cigarette? Are you worried someone is going to set a fire? It is so dumb and the security situation in general is getting ever more draconian. If you're going to be so strict with this type of stuff you need to have a bagcoat check so you don't have to throw away your personal property. How anyone thinks it is reasonable to ask a patron to throw their baglighterwhatever away is beyond me. I will say the lovely girl that scanned our tickets was very pleasant and sweet. The best part of the venue is the fountain Diet Dr. Pepper and free refills, with the price of drinks the refills should be free.",a month ago,,,,"Saw NIN at the Spectrum Center last night, the show was great however the venue is getting increasingly more difficult to visit. Security is jerky and defensive in general, I've seen many bands at the Spectrum Center going all the way back to when it was still Time Warner. I frequently go to concerts and am well versed in venuearena etiquette. That being said, a few years back I purchased a LIVE NATION concert bag, which is basically a small clear rucksack, at a concert in which my already small bag was still too big. Since then, I have taken this 'concert bag' to every show I've been to including ones at the Spectrum Center because it is literally designed to meet venue bag requirements. Last night however, security tried to keep me from entering with my 'concert bag'. The measuring board they were using for bag sizing was 2 centimeters shorter than my bag that was literally designed and sold by the people that sold me the tickets to this concert!!!!! Like... excuse me?!?! I finally convinced them to let me in with it BUT after that I had a Zippo lighter in my bag and they wanted me to throw it away!!!! My concert companion ran it back to the hotel but seriously?!?! Your staff asked me to throw away a 50 lighter!!! One even said 'if you throw that away I am gonna take it'. Evidently they weren't allowing anyone inside with lighters, vapes or even a pack of cigarettes!!! What?!? I understand safety and security rules and regulations, most of which I think are pretty reasonable and it is reassuring no one is allowed in with a knife or weapon BUT what is someone going to do with a cigarette? Are you worried someone is going to set a fire? It is so dumb and the security situation in general is getting ever more draconian. If you're going to be so strict with this type of stuff you need to have a bagcoat check so you don't have to throw away your personal property. How anyone thinks it is reasonable to ask a patron to throw their baglighterwhatever away is beyond me. I will say the lovely girl that scanned our tickets was very pleasant and sweet. The best part of the venue is the fountain Diet Dr. Pepper and free refills, with the price of drinks the refills should be free.",3.0,,Original Asherella,2208,saw nin spectrum center last night show great however venue getting increasingly difficult visit security jerky defensive general seen many band spectrum center going way back still time warner frequently concert well versed venuearena etiquette said year back purchased live nation concert bag basically small clear rucksack concert already small bag still big since taken 'concert bag' every show including one spectrum center literally designed meet venue bag requirement last night however security tried keep entering 'concert bag' measuring board using bag sizing centimeter shorter bag literally designed sold people sold ticket concert like excuse finally convinced let zippo lighter bag wanted throw away concert companion ran back hotel seriously staff asked throw away lighter one even said 'if throw away gonna take it' evidently allowing anyone inside lighter vapes even pack cigarette understand safety security rule regulation think pretty reasonable reassuring one allowed knife weapon someone going cigarette worried someone going set fire dumb security situation general getting ever draconian going strict type stuff need bagcoat check throw away personal property anyone think reasonable ask patron throw baglighterwhatever away beyond say lovely girl scanned ticket pleasant sweet best part venue fountain diet pepper free refill price drink refill free,"['saw', 'nin', 'spectrum', 'center', 'last', 'night', 'show', 'great', 'however', 'venue', 'getting', 'increasingly', 'difficult', 'visit', 'security', 'jerky', 'defensive', 'general', 'seen', 'many', 'band', 'spectrum', 'center', 'going', 'way', 'back', 'still', 'time', 'warner', 'frequently', 'concert', 'well', 'versed', 'venuearena', 'etiquette', 'said', 'year', 'back', 'purchased', 'live', 'nation', 'concert', 'bag', 'basically', 'small', 'clear', 'rucksack', 'concert', 'already', 'small', 'bag', 'still', 'big', 'since', 'taken', ""'concert"", ""bag'"", 'every', 'show', 'including', 'one', 'spectrum', 'center', 'literally', 'designed', 'meet', 'venue', 'bag', 'requirement', 'last', 'night', 'however', 'security', 'tried', 'keep', 'entering', ""'concert"", ""bag'"", 'measuring', 'board', 'using', 'bag', 'sizing', 'centimeter', 'shorter', 'bag', 'literally', 'designed', 'sold', 'people', 'sold', 'ticket', 'concert', 'like', 'excuse', 'finally', 'convinced', 'let', 'zippo', 'lighter', 'bag', 'wanted', 'throw', 'away', 'concert', 'companion', 'ran', 'back', 'hotel', 'seriously', 'staff', 'asked', 'throw', 'away', 'lighter', 'one', 'even', 'said', ""'if"", 'throw', 'away', 'gonna', 'take', ""it'"", 'evidently', 'allowing', 'anyone', 'inside', 'lighter', 'vapes', 'even', 'pack', 'cigarette', 'understand', 'safety', 'security', 'rule', 'regulation', 'think', 'pretty', 'reasonable', 'reassuring', 'one', 'allowed', 'knife', 'weapon', 'someone', 'going', 'cigarette', 'worried', 'someone', 'going', 'set', 'fire', 'dumb', 'security', 'situation', 'general', 'getting', 'ever', 'draconian', 'going', 'strict', 'type', 'stuff', 'need', 'bagcoat', 'check', 'throw', 'away', 'personal', 'property', 'anyone', 'think', 'reasonable', 'ask', 'patron', 'throw', 'baglighterwhatever', 'away', 'beyond', 'say', 'lovely', 'girl', 'scanned', 'ticket', 'pleasant', 'sweet', 'best', 'part', 'venue', 'fountain', 'diet', 'pepper', 'free', 'refill', 'price', 'drink', 'refill', 'free']",200,2208,0.9913,positive
Jeff Bernhardt,True,42,10,2,"Attended a WWE event and was troubled when using the restroom and found out they had NO hand soap and NO towels. Im sure WWE might not have been a huge booking but arent soap and hand towels the bare minimum? My wife reported that the womens had no towels and one bottle of soap available. Spectrum center, lets do better!!",a month ago,,,,"Attended a WWE event and was troubled when using the restroom and found out they had NO hand soap and NO towels. Im sure WWE might not have been a huge booking but arent soap and hand towels the bare minimum? My wife reported that the womens had no towels and one bottle of soap available. Spectrum center, lets do better!!",2.0,,Jeff Bernhardt,323,attended wwe event troubled using restroom found hand soap towel sure wwe might not huge booking arent soap hand towel bare minimum wife reported womens towel one bottle soap available spectrum center let better,"['attended', 'wwe', 'event', 'troubled', 'using', 'restroom', 'found', 'hand', 'soap', 'towel', 'sure', 'wwe', 'might', 'not', 'huge', 'booking', 'arent', 'soap', 'hand', 'towel', 'bare', 'minimum', 'wife', 'reported', 'womens', 'towel', 'one', 'bottle', 'soap', 'available', 'spectrum', 'center', 'let', 'better']",34,323,0.6451,positive
Millie Mpay,True,20,2,2,"Spectrum Center is cool and has a crazy nice atmosphere but the prices are outrageous and the navigation is really off. Not to mention their app really really sucks, and their Spectrum Center support number doesn't lead to anything other than the digital voice telling you that any option you select is an invalid option. Not to mention the food is crazy EXPENSIVE. Spending 85 at Chick-fil-A for 3 sandwiches, 1 fry, two 8 count nuggets and two drinks is crazy work. That very same purchase at the very most would cost me MAYBE 35-40 at a regular Chick-fil-A. But I wanted to provide a great and seamless experience for my kids so I purchased it. And the girl at the counter was really nice, so that made it worth it as well. They have some awesome events though so that's what definitely attracts the crowd. And my Hornets won so I'm definitely happy about that. Probably will go there to see Katt, but, after that, I don't know how much more I will spend money at Spectrum Center.",2 months ago,,,,"Spectrum Center is cool and has a crazy nice atmosphere but the prices are outrageous and the navigation is really off. Not to mention their app really really sucks, and their Spectrum Center support number doesn't lead to anything other than the digital voice telling you that any option you select is an invalid option. Not to mention the food is crazy EXPENSIVE. Spending 85 at Chick-fil-A for 3 sandwiches, 1 fry, two 8 count nuggets and two drinks is crazy work. That very same purchase at the very most would cost me MAYBE 35-40 at a regular Chick-fil-A. But I wanted to provide a great and seamless experience for my kids so I purchased it. And the girl at the counter was really nice, so that made it worth it as well. They have some awesome events though so that's what definitely attracts the crowd. And my Hornets won so I'm definitely happy about that. Probably will go there to see Katt, but, after that, I don't know how much more I will spend money at Spectrum Center.",2.0,,Millie Mpay,983,spectrum center cool crazy nice atmosphere price outrageous navigation really not mention app really really suck spectrum center support number lead anything digital voice telling option select invalid option not mention food crazy expensive spending chick fil sandwich fry two count nugget two drink crazy work purchase would cost maybe regular chick fil wanted provide great seamless experience kid purchased girl counter really nice made worth well awesome event though that's definitely attracts crowd hornet definitely happy probably see katt know much spend money spectrum center,"['spectrum', 'center', 'cool', 'crazy', 'nice', 'atmosphere', 'price', 'outrageous', 'navigation', 'really', 'not', 'mention', 'app', 'really', 'really', 'suck', 'spectrum', 'center', 'support', 'number', 'lead', 'anything', 'digital', 'voice', 'telling', 'option', 'select', 'invalid', 'option', 'not', 'mention', 'food', 'crazy', 'expensive', 'spending', 'chick', 'fil', 'sandwich', 'fry', 'two', 'count', 'nugget', 'two', 'drink', 'crazy', 'work', 'purchase', 'would', 'cost', 'maybe', 'regular', 'chick', 'fil', 'wanted', 'provide', 'great', 'seamless', 'experience', 'kid', 'purchased', 'girl', 'counter', 'really', 'nice', 'made', 'worth', 'well', 'awesome', 'event', 'though', ""that's"", 'definitely', 'attracts', 'crowd', 'hornet', 'definitely', 'happy', 'probably', 'see', 'katt', 'know', 'much', 'spend', 'money', 'spectrum', 'center']",86,983,0.9886,positive
Brad Hodgins,True,36,6,5,After 20 years they finally have cup holders upstairs! Terrific venue that used to have one fatal flaw.,Edited 2 months ago,Weekend,,,After 20 years they finally have cup holders upstairs! Terrific venue that used to have one fatal flaw.,5.0,,Brad Hodgins,103,year finally cup holder upstairs terrific venue used one fatal flaw,"['year', 'finally', 'cup', 'holder', 'upstairs', 'terrific', 'venue', 'used', 'one', 'fatal', 'flaw']",11,103,-0.1759,negative
Jennifer Nivens,True,153,13,4,"We went and saw the Monster Trucks. Good arena, but seats are very little with no leg room.",2 months ago,Weekend,No wait,Yes,"We went and saw the Monster Trucks. Good arena, but seats are very little with no leg room.",4.0,,Jennifer Nivens,91,went saw monster truck good arena seat little leg room,"['went', 'saw', 'monster', 'truck', 'good', 'arena', 'seat', 'little', 'leg', 'room']",10,91,-0.2091,negative
Dio Mt,True,72,57,3,It's ok,Edited 3 months ago,,,,It's ok,3.0,,Dio Mt,7,,[],0,7,0.296,positive
Will Tingle,False,6,0,1,Security is rude. Had nothing in my pockets besides my phone and had to walk through security multiple times,3 months ago,Weekday,1030 min,,Security is rude. Had nothing in my pockets besides my phone and had to walk through security multiple times,1.0,,Will Tingle,108,security rude nothing pocket besides phone walk security multiple time,"['security', 'rude', 'nothing', 'pocket', 'besides', 'phone', 'walk', 'security', 'multiple', 'time']",10,108,0.2023,positive
Jason Simpson,True,231,46,4,Nice place to catch a show but damned everything's expensive,3 months ago,,,,Nice place to catch a show but damned everything's expensive,4.0,,Jason Simpson,60,nice place catch show damned everything's expensive,"['nice', 'place', 'catch', 'show', 'damned', ""everything's"", 'expensive']",7,60,-0.3612,negative
Cooper Burris,False,2,0,3,"Went to see trans Siberian orchestra. Food was mid, show was awesome. Food is expensive though.",3 months ago,Weekend,1030 min,Not sure,"Went to see trans Siberian orchestra. Food was mid, show was awesome. Food is expensive though.",3.0,,Cooper Burris,95,went see trans siberian orchestra food mid show awesome food expensive though,"['went', 'see', 'trans', 'siberian', 'orchestra', 'food', 'mid', 'show', 'awesome', 'food', 'expensive', 'though']",12,95,0.6249,positive
Sherri Hartsell,True,95,130,3,Great venue but takes forever to get in.,3 months ago,Weekend,3060 min,Yes,Great venue but takes forever to get in.,3.0,,Sherri Hartsell,40,great venue take forever get,"['great', 'venue', 'take', 'forever', 'get']",5,40,0.3716,positive
Jesus Cruz,False,12,3,5,The only complaint I have the attendees at the game that show people to there seats took her job way to serious. She literally hit me on the shoulder after the game was done because I had my phone recording the players. Had an attitude and she thought she was talking to a child. She lucky that I dont press charges on how she assaulted me on the way out. I was seating A1 part of the ICC club. A simple please sir we do not allow filming of the players. Theres a way to talk to people,3 months ago,Weekend,No wait,Yes,The only complaint I have the attendees at the game that show people to there seats took her job way to serious. She literally hit me on the shoulder after the game was done because I had my phone recording the players. Had an attitude and she thought she was talking to a child. She lucky that I dont press charges on how she assaulted me on the way out. I was seating A1 part of the ICC club. A simple please sir we do not allow filming of the players. Theres a way to talk to people,5.0,,Jesus Cruz,485,complaint attendee game show people seat took job way serious literally hit shoulder game done phone recording player attitude thought talking child lucky dont press charge assaulted way seating part icc club simple please sir not allow filming player there way talk people,"['complaint', 'attendee', 'game', 'show', 'people', 'seat', 'took', 'job', 'way', 'serious', 'literally', 'hit', 'shoulder', 'game', 'done', 'phone', 'recording', 'player', 'attitude', 'thought', 'talking', 'child', 'lucky', 'dont', 'press', 'charge', 'assaulted', 'way', 'seating', 'part', 'icc', 'club', 'simple', 'please', 'sir', 'not', 'allow', 'filming', 'player', 'there', 'way', 'talk', 'people']",43,485,-0.166,negative
Jon Rush,False,2,4,3,It was OK but not a place I would go again unless something imperative came up. Give charlotte itself a year or so and it could change the experience.,3 months ago,Weekend,1 hr,Yes,It was OK but not a place I would go again unless something imperative came up. Give charlotte itself a year or so and it could change the experience.,3.0,,Jon Rush,150,not place would unless something imperative came give charlotte year could change experience,"['not', 'place', 'would', 'unless', 'something', 'imperative', 'came', 'give', 'charlotte', 'year', 'could', 'change', 'experience']",13,150,0.2421,positive
Bernice Mills,True,65,15,1,First time seeing a concert here and I bought in the floor section but they need to make sure that the person buying those seats next to other people actually fit one seat and they need to make them buy more than one seat. The people beside me thankfully we're on the end and a couple and they slid over so I had enough room because the gentleman on the other side of me was halfway into my seat,4 months ago,Weekday,,Yes,First time seeing a concert here and I bought in the floor section but they need to make sure that the person buying those seats next to other people actually fit one seat and they need to make them buy more than one seat. The people beside me thankfully we're on the end and a couple and they slid over so I had enough room because the gentleman on the other side of me was halfway into my seat,1.0,,Bernice Mills,395,first time seeing concert bought floor section need make sure person buying seat next people actually fit one seat need make buy one seat people beside thankfully end couple slid enough room gentleman side halfway seat,"['first', 'time', 'seeing', 'concert', 'bought', 'floor', 'section', 'need', 'make', 'sure', 'person', 'buying', 'seat', 'next', 'people', 'actually', 'fit', 'one', 'seat', 'need', 'make', 'buy', 'one', 'seat', 'people', 'beside', 'thankfully', 'end', 'couple', 'slid', 'enough', 'room', 'gentleman', 'side', 'halfway', 'seat']",36,395,0.872,positive
Stephanie,True,89,32,4,Im not sure buying tickets in advance helped because I still had to wait an hour to enter.,4 months ago,Weekday,1 hr,Yes,Im not sure buying tickets in advance helped because I still had to wait an hour to enter.,4.0,,Stephanie,90,not sure buying ticket advance helped still wait hour enter,"['not', 'sure', 'buying', 'ticket', 'advance', 'helped', 'still', 'wait', 'hour', 'enter']",10,90,-0.2411,negative
Parker Varin,True,101,9,1,"Great arena, very clean with good views, but the security people really need to chill out. You're not allowed to bring ANY batteries in and the security people care way too much so the line takes forever. I had my 50 vape on me and they told me to throw it away if I wanted to get in. I told them it's no longer a vape if I throw away the pod, but they didn't care. You're not allowed to bring ANY batteries in. No cell phone chargers or vapes or any types of batteries other than cellphones. You have to sneak out and back in and bring a vape. It's a bit of a hassle and makes the line take way too long.",4 months ago,Weekday,1030 min,Yes,"Great arena, very clean with good views, but the security people really need to chill out. You're not allowed to bring ANY batteries in and the security people care way too much so the line takes forever. I had my 50 vape on me and they told me to throw it away if I wanted to get in. I told them it's no longer a vape if I throw away the pod, but they didn't care. You're not allowed to bring ANY batteries in. No cell phone chargers or vapes or any types of batteries other than cellphones. You have to sneak out and back in and bring a vape. It's a bit of a hassle and makes the line take way too long.",1.0,,Parker Varin,605,great arena clean good view security people really need chill not allowed bring battery security people care way much line take forever vape told throw away wanted get told longer vape throw away pod care not allowed bring battery cell phone charger vapes type battery cellphone sneak back bring vape bit hassle make line take way long,"['great', 'arena', 'clean', 'good', 'view', 'security', 'people', 'really', 'need', 'chill', 'not', 'allowed', 'bring', 'battery', 'security', 'people', 'care', 'way', 'much', 'line', 'take', 'forever', 'vape', 'told', 'throw', 'away', 'wanted', 'get', 'told', 'longer', 'vape', 'throw', 'away', 'pod', 'care', 'not', 'allowed', 'bring', 'battery', 'cell', 'phone', 'charger', 'vapes', 'type', 'battery', 'cellphone', 'sneak', 'back', 'bring', 'vape', 'bit', 'hassle', 'make', 'line', 'take', 'way', 'long']",57,605,0.9416,positive
Leslie Barrow,True,129,1085,4,"I guess for the most part I had a pretty decent experience. I didn't like the fact that they don't allow selfie sticks, but of course they don't tell you that until you get up to the very front of the line and then they turn you away unless you plan on throwing your selfie stick in the garbage. I also didn't like the fact that supposedly you can't have the calf on your drink if you purchase one there. However, I saw multiple people walking around with the caps to their drinks. But the lady that I purchased my drink from made me throw mines in the garbage. Not impressed with how they do things there at all. Nonetheless, I did enjoy the game. The next time I'll just fly out someplace and go to a different arena.",4 months ago,Weekday,Up to 10 min,Yes,"I guess for the most part I had a pretty decent experience. I didn't like the fact that they don't allow selfie sticks, but of course they don't tell you that until you get up to the very front of the line and then they turn you away unless you plan on throwing your selfie stick in the garbage. I also didn't like the fact that supposedly you can't have the calf on your drink if you purchase one there. However, I saw multiple people walking around with the caps to their drinks. But the lady that I purchased my drink from made me throw mines in the garbage. Not impressed with how they do things there at all. Nonetheless, I did enjoy the game. The next time I'll just fly out someplace and go to a different arena.",4.0,,Leslie Barrow,719,guess part pretty decent experience like fact allow selfie stick course tell get front line turn away unless plan throwing selfie stick garbage also like fact supposedly can't calf drink purchase one however saw multiple people walking around cap drink lady purchased drink made throw mine garbage not impressed thing nonetheless enjoy game next time fly someplace different arena,"['guess', 'part', 'pretty', 'decent', 'experience', 'like', 'fact', 'allow', 'selfie', 'stick', 'course', 'tell', 'get', 'front', 'line', 'turn', 'away', 'unless', 'plan', 'throwing', 'selfie', 'stick', 'garbage', 'also', 'like', 'fact', 'supposedly', ""can't"", 'calf', 'drink', 'purchase', 'one', 'however', 'saw', 'multiple', 'people', 'walking', 'around', 'cap', 'drink', 'lady', 'purchased', 'drink', 'made', 'throw', 'mine', 'garbage', 'not', 'impressed', 'thing', 'nonetheless', 'enjoy', 'game', 'next', 'time', 'fly', 'someplace', 'different', 'arena']",59,719,-0.0906,negative
Curtis Haigler,True,43,13,4,"Took my wife to see nate bargatze and had an awesome time! Get rid of the ridiculous prices for food and drink and it will be a crazy good time. Like I get it, everyone wants to make money but they trying to make it all in one night! But as usual, even though price gouging is wrong, you can really only blame the peeps that keep on paying it.",4 months ago,Weekday,1030 min,Yes,"Took my wife to see nate bargatze and had an awesome time! Get rid of the ridiculous prices for food and drink and it will be a crazy good time. Like I get it, everyone wants to make money but they trying to make it all in one night! But as usual, even though price gouging is wrong, you can really only blame the peeps that keep on paying it.",4.0,,Curtis Haigler,343,took wife see nate bargatze awesome time get rid ridiculous price food drink crazy good time like get everyone want make money trying make one night usual even though price gouging wrong really blame peep keep paying,"['took', 'wife', 'see', 'nate', 'bargatze', 'awesome', 'time', 'get', 'rid', 'ridiculous', 'price', 'food', 'drink', 'crazy', 'good', 'time', 'like', 'get', 'everyone', 'want', 'make', 'money', 'trying', 'make', 'one', 'night', 'usual', 'even', 'though', 'price', 'gouging', 'wrong', 'really', 'blame', 'peep', 'keep', 'paying']",37,343,-0.7544,negative
Greg Payton,True,25,0,3,I miss the ambience of the old spectrum center. The upgraded venue seems very sterile and caters to alcohol sales.,4 months ago,Weekday,No wait,Yes,I miss the ambience of the old spectrum center. The upgraded venue seems very sterile and caters to alcohol sales.,3.0,,Greg Payton,114,miss ambience old spectrum center upgraded venue seems sterile caters alcohol sale,"['miss', 'ambience', 'old', 'spectrum', 'center', 'upgraded', 'venue', 'seems', 'sterile', 'caters', 'alcohol', 'sale']",12,114,-0.1531,negative
None Required,True,837,1211,3,The stadium is nice. It's just unfortunate Charlotte has such a trash basketball team.,4 months ago,Weekend,No wait,Yes,The stadium is nice. It's just unfortunate Charlotte has such a trash basketball team.,3.0,,None Required,86,stadium nice unfortunate charlotte trash basketball team,"['stadium', 'nice', 'unfortunate', 'charlotte', 'trash', 'basketball', 'team']",7,86,-0.0516,negative
Zemi,False,8,1,1,"Came for antagonist tour. After 10pm they stop selling all water and turn off the soda fountains. I asked a worker and they were unaware that the soda fountain water button was gone, I then overheard the person in charge say quote ""Yeah, I removed the water because some kids were getting free water"" the workers are very nice, however many people were moshing and had zero access to any fluids. They used to have drinking fountains a few months ago however have removed them to sell a 12 water cup",4 months ago,,,,"Came for antagonist tour. After 10pm they stop selling all water and turn off the soda fountains. I asked a worker and they were unaware that the soda fountain water button was gone, I then overheard the person in charge say quote ""Yeah, I removed the water because some kids were getting free water"" the workers are very nice, however many people were moshing and had zero access to any fluids. They used to have drinking fountains a few months ago however have removed them to sell a 12 water cup",1.0,,Zemi,498,came antagonist tour stop selling water turn soda fountain asked worker unaware soda fountain water button gone overheard person charge say quote yeah removed water kid getting free water worker nice however many people moshing zero access fluid used drinking fountain month ago however removed sell water cup,"['came', 'antagonist', 'tour', 'stop', 'selling', 'water', 'turn', 'soda', 'fountain', 'asked', 'worker', 'unaware', 'soda', 'fountain', 'water', 'button', 'gone', 'overheard', 'person', 'charge', 'say', 'quote', 'yeah', 'removed', 'water', 'kid', 'getting', 'free', 'water', 'worker', 'nice', 'however', 'many', 'people', 'moshing', 'zero', 'access', 'fluid', 'used', 'drinking', 'fountain', 'month', 'ago', 'however', 'removed', 'sell', 'water', 'cup']",48,498,0.1263,positive
Lord Bartlett Tony,True,254,63,3,the area looks good however it isn't agreat venue for concerts. the seats are rather small and cramped.,5 months ago,Weekday,No wait,Yes,the area looks good however it isn't agreat venue for concerts. the seats are rather small and cramped.,3.0,,Lord Bartlett Tony,103,area look good however agreat venue concert seat rather small cramped,"['area', 'look', 'good', 'however', 'agreat', 'venue', 'concert', 'seat', 'rather', 'small', 'cramped']",11,103,0.4404,positive
Vickie Callaway,False,4,0,4,The Lainey Wilson concert was great but the 2 year old sitting in her mothers lap kicking my seat was horrible. I dont think kids should Be allowed without a dedicated seat. She probably kicked my seat 25 times.,5 months ago,Weekend,Up to 10 min,Yes,The Lainey Wilson concert was great but the 2 year old sitting in her mothers lap kicking my seat was horrible. I dont think kids should Be allowed without a dedicated seat. She probably kicked my seat 25 times.,4.0,,Vickie Callaway,211,lainey wilson concert great year old sitting mother lap kicking seat horrible dont think kid allowed without dedicated seat probably kicked seat time,"['lainey', 'wilson', 'concert', 'great', 'year', 'old', 'sitting', 'mother', 'lap', 'kicking', 'seat', 'horrible', 'dont', 'think', 'kid', 'allowed', 'without', 'dedicated', 'seat', 'probably', 'kicked', 'seat', 'time']",23,211,-0.7521,negative
Daniela Mandel,True,21,0,1,"Very disappointing service. Ive been to many concerts in my life and was excited to bring my daughter to see her favorite but was shocked when we witnessed terrible customer service, both with us and other customers. There was a glitch with the system and while some staff members were trying to solve the issue one employee by the name Amanda long red hair was extremely rude and wouldnt cooperate. I was as kind as I could be, trying to make this experience pleasant for my kid but against all efforts to be kind she continued show so much annoyance with us and ultimately ended up just walking off. We lost over a thousand dollars and ended up having to compromise and I will have to find a way to get the rest of my money back after the show. Hopefully some management will be able to reposition her to not work with people anymore or convince her to be more pleasant. Until then I will have to refer people to use other venues than this.",5 months ago,Weekend,1 hr,Yes,"Very disappointing service. Ive been to many concerts in my life and was excited to bring my daughter to see her favorite but was shocked when we witnessed terrible customer service, both with us and other customers. There was a glitch with the system and while some staff members were trying to solve the issue one employee by the name Amanda long red hair was extremely rude and wouldnt cooperate. I was as kind as I could be, trying to make this experience pleasant for my kid but against all efforts to be kind she continued show so much annoyance with us and ultimately ended up just walking off. We lost over a thousand dollars and ended up having to compromise and I will have to find a way to get the rest of my money back after the show. Hopefully some management will be able to reposition her to not work with people anymore or convince her to be more pleasant. Until then I will have to refer people to use other venues than this.",1.0,,Daniela Mandel,942,disappointing service ive many concert life excited bring daughter see favorite shocked witnessed terrible customer service customer glitch system staff member trying solve issue one employee name amanda long red hair extremely rude wouldnt cooperate kind could trying make experience pleasant kid effort kind continued show much annoyance ultimately ended walking lost thousand dollar ended compromise find way get rest money back show hopefully management able reposition not work people anymore convince pleasant refer people use venue,"['disappointing', 'service', 'ive', 'many', 'concert', 'life', 'excited', 'bring', 'daughter', 'see', 'favorite', 'shocked', 'witnessed', 'terrible', 'customer', 'service', 'customer', 'glitch', 'system', 'staff', 'member', 'trying', 'solve', 'issue', 'one', 'employee', 'name', 'amanda', 'long', 'red', 'hair', 'extremely', 'rude', 'wouldnt', 'cooperate', 'kind', 'could', 'trying', 'make', 'experience', 'pleasant', 'kid', 'effort', 'kind', 'continued', 'show', 'much', 'annoyance', 'ultimately', 'ended', 'walking', 'lost', 'thousand', 'dollar', 'ended', 'compromise', 'find', 'way', 'get', 'rest', 'money', 'back', 'show', 'hopefully', 'management', 'able', 'reposition', 'not', 'work', 'people', 'anymore', 'convince', 'pleasant', 'refer', 'people', 'use', 'venue']",77,942,0.8734,positive
Chip Galloway,True,24,2,3,"Attended Hornets 2025-2026 Opening night. Pros: Renovations look good. New seats are very comfortable. Cons: new food offerings were numerous but many had no photosdescriptions or prices listed. Give us a description including the price to allow the consumer to make a good decision. I like Brixx Pizza but the one I purchased was terribly small, not even covering the little personal sized box it was served in. My wife would not even 'rob' me of a slice since it was soo small. I will not purchase this item again at this facility.",5 months ago,Weekday,No wait,Yes,"Attended Hornets 2025-2026 Opening night. Pros: Renovations look good. New seats are very comfortable. Cons: new food offerings were numerous but many had no photosdescriptions or prices listed. Give us a description including the price to allow the consumer to make a good decision. I like Brixx Pizza but the one I purchased was terribly small, not even covering the little personal sized box it was served in. My wife would not even 'rob' me of a slice since it was soo small. I will not purchase this item again at this facility.",3.0,,Chip Galloway,533,attended hornet opening night pro renovation look good new seat comfortable con new food offering numerous many photosdescriptions price listed give description including price allow consumer make good decision like brixx pizza one purchased terribly small not even covering little personal sized box served wife would not even 'rob' slice since soo small not purchase item facility,"['attended', 'hornet', 'opening', 'night', 'pro', 'renovation', 'look', 'good', 'new', 'seat', 'comfortable', 'con', 'new', 'food', 'offering', 'numerous', 'many', 'photosdescriptions', 'price', 'listed', 'give', 'description', 'including', 'price', 'allow', 'consumer', 'make', 'good', 'decision', 'like', 'brixx', 'pizza', 'one', 'purchased', 'terribly', 'small', 'not', 'even', 'covering', 'little', 'personal', 'sized', 'box', 'served', 'wife', 'would', 'not', 'even', ""'rob'"", 'slice', 'since', 'soo', 'small', 'not', 'purchase', 'item', 'facility']",57,533,0.6119,positive
Jace Bowden,True,28,2,1,"I waited to post this until the concerts were over since the girls that the Spectrum Center let dictate the line were so petty and rude and didnt want them to take it out on me like they were on others. Obviously the ones posting in this thanking the Spectrum Center were involved in the whole process and of course theyd thank them for it, it worked out perfectly in their favor, without regard to anything else. This entire situation was extremely unprofessional. Honestly, legal trouble too. These girls were not employees, and the Spectrum Center walking off of property to hand out wristbands to honor these girls who were holding wristbands for their friends, threatening to remove others from their fan made lists, and going to the Raleigh concert while keeping their place in line in Charlotte is insane. Justin and Daniel were being borderline flirtatious with these girls as well, and you wont get anywhere going to their email since Justin responds back to those emails. Not only was this wildly inappropriate and unprofessional, these girls were laughing in peoples faces, making fun of people, taking turns going to their hotel but then threatening to remove people from their list who werent at their tents the whole time, etc. This is why you do not honor fan made lines and why no where doesnt 99.9 of the time. Its dishonest and up for debate on what is truly fact. Not to mention, you all wouldnt let unhoused people camp out the way everyone did for these shows, and that speaks volumes as well. I hate that I had to be part of this camping problem, because you all let this go down and the only way to get a good spot was to comply with these mean girls who tried to act like they were nice, calm, and professional when people were obviously upset with their behavior. Its also very obvious by you all giving them candy and stuff to post on tik tok is just a ploy for your new arena announcement, its pretty disturbing. Theres better ways to do this, and you all should take some serious pointers from the Heritage Center in Cincinnati. When we went there almost a year ago, they handed out wristbands a day prior to the concert but didnt say what exact time until like an hour before and were partnered with the police to escort campers away that were on and near the property until it was closer to time to hand them out. Once you got your wristbands at Heritage, you got a set time that matched your wristband number to come back the day of the concert to help line people up prior, unlike this venue waiting until exactly 5:30 to actually like people up. Heritage also had Porta Potties for people, water bottles, ice packs etc. This was a huge fumble on your alls part and disgraceful. I hate I had to be part of the camping issue due to your alls negligence and willingness to actually step in and handle the wristbands. Honestly though, the issue wasnt the camping, it was you all allowing random fans to dictate the whole entire general admission line rather than the actual arena. You all need to get a grip.",5 months ago,,,,"I waited to post this until the concerts were over since the girls that the Spectrum Center let dictate the line were so petty and rude and didnt want them to take it out on me like they were on others. Obviously the ones posting in this thanking the Spectrum Center were involved in the whole process and of course theyd thank them for it, it worked out perfectly in their favor, without regard to anything else. This entire situation was extremely unprofessional. Honestly, legal trouble too. These girls were not employees, and the Spectrum Center walking off of property to hand out wristbands to honor these girls who were holding wristbands for their friends, threatening to remove others from their fan made lists, and going to the Raleigh concert while keeping their place in line in Charlotte is insane. Justin and Daniel were being borderline flirtatious with these girls as well, and you wont get anywhere going to their email since Justin responds back to those emails. Not only was this wildly inappropriate and unprofessional, these girls were laughing in peoples faces, making fun of people, taking turns going to their hotel but then threatening to remove people from their list who werent at their tents the whole time, etc. This is why you do not honor fan made lines and why no where doesnt 99.9 of the time. Its dishonest and up for debate on what is truly fact. Not to mention, you all wouldnt let unhoused people camp out the way everyone did for these shows, and that speaks volumes as well. I hate that I had to be part of this camping problem, because you all let this go down and the only way to get a good spot was to comply with these mean girls who tried to act like they were nice, calm, and professional when people were obviously upset with their behavior. Its also very obvious by you all giving them candy and stuff to post on tik tok is just a ploy for your new arena announcement, its pretty disturbing. Theres better ways to do this, and you all should take some serious pointers from the Heritage Center in Cincinnati. When we went there almost a year ago, they handed out wristbands a day prior to the concert but didnt say what exact time until like an hour before and were partnered with the police to escort campers away that were on and near the property until it was closer to time to hand them out. Once you got your wristbands at Heritage, you got a set time that matched your wristband number to come back the day of the concert to help line people up prior, unlike this venue waiting until exactly 5:30 to actually like people up. Heritage also had Porta Potties for people, water bottles, ice packs etc. This was a huge fumble on your alls part and disgraceful. I hate I had to be part of the camping issue due to your alls negligence and willingness to actually step in and handle the wristbands. Honestly though, the issue wasnt the camping, it was you all allowing random fans to dictate the whole entire general admission line rather than the actual arena. You all need to get a grip.",1.0,,Jace Bowden,3037,waited post concert since girl spectrum center let dictate line petty rude didnt want take like others obviously one posting thanking spectrum center involved whole process course theyd thank worked perfectly favor without regard anything else entire situation extremely unprofessional honestly legal trouble girl not employee spectrum center walking property hand wristband honor girl holding wristband friend threatening remove others fan made list going raleigh concert keeping place line charlotte insane justin daniel borderline flirtatious girl well wont get anywhere going email since justin responds back email not wildly inappropriate unprofessional girl laughing people face making fun people taking turn going hotel threatening remove people list werent tent whole time etc not honor fan made line doesnt time dishonest debate truly fact not mention wouldnt let unhoused people camp way everyone show speaks volume well hate part camping problem let way get good spot comply mean girl tried act like nice calm professional people obviously upset behavior also obvious giving candy stuff post tik tok ploy new arena announcement pretty disturbing there better way take serious pointer heritage center cincinnati went almost year ago handed wristband day prior concert didnt say exact time like hour partnered police escort camper away near property closer time hand got wristband heritage got set time matched wristband number come back day concert help line people prior unlike venue waiting exactly actually like people heritage also porta potty people water bottle ice pack etc huge fumble alls part disgraceful hate part camping issue due alls negligence willingness actually step handle wristband honestly though issue wasnt camping allowing random fan dictate whole entire general admission line rather actual arena need get grip,"['waited', 'post', 'concert', 'since', 'girl', 'spectrum', 'center', 'let', 'dictate', 'line', 'petty', 'rude', 'didnt', 'want', 'take', 'like', 'others', 'obviously', 'one', 'posting', 'thanking', 'spectrum', 'center', 'involved', 'whole', 'process', 'course', 'theyd', 'thank', 'worked', 'perfectly', 'favor', 'without', 'regard', 'anything', 'else', 'entire', 'situation', 'extremely', 'unprofessional', 'honestly', 'legal', 'trouble', 'girl', 'not', 'employee', 'spectrum', 'center', 'walking', 'property', 'hand', 'wristband', 'honor', 'girl', 'holding', 'wristband', 'friend', 'threatening', 'remove', 'others', 'fan', 'made', 'list', 'going', 'raleigh', 'concert', 'keeping', 'place', 'line', 'charlotte', 'insane', 'justin', 'daniel', 'borderline', 'flirtatious', 'girl', 'well', 'wont', 'get', 'anywhere', 'going', 'email', 'since', 'justin', 'responds', 'back', 'email', 'not', 'wildly', 'inappropriate', 'unprofessional', 'girl', 'laughing', 'people', 'face', 'making', 'fun', 'people', 'taking', 'turn', 'going', 'hotel', 'threatening', 'remove', 'people', 'list', 'werent', 'tent', 'whole', 'time', 'etc', 'not', 'honor', 'fan', 'made', 'line', 'doesnt', 'time', 'dishonest', 'debate', 'truly', 'fact', 'not', 'mention', 'wouldnt', 'let', 'unhoused', 'people', 'camp', 'way', 'everyone', 'show', 'speaks', 'volume', 'well', 'hate', 'part', 'camping', 'problem', 'let', 'way', 'get', 'good', 'spot', 'comply', 'mean', 'girl', 'tried', 'act', 'like', 'nice', 'calm', 'professional', 'people', 'obviously', 'upset', 'behavior', 'also', 'obvious', 'giving', 'candy', 'stuff', 'post', 'tik', 'tok', 'ploy', 'new', 'arena', 'announcement', 'pretty', 'disturbing', 'there', 'better', 'way', 'take', 'serious', 'pointer', 'heritage', 'center', 'cincinnati', 'went', 'almost', 'year', 'ago', 'handed', 'wristband', 'day', 'prior', 'concert', 'didnt', 'say', 'exact', 'time', 'like', 'hour', 'partnered', 'police', 'escort', 'camper', 'away', 'near', 'property', 'closer', 'time', 'hand', 'got', 'wristband', 'heritage', 'got', 'set', 'time', 'matched', 'wristband', 'number', 'come', 'back', 'day', 'concert', 'help', 'line', 'people', 'prior', 'unlike', 'venue', 'waiting', 'exactly', 'actually', 'like', 'people', 'heritage', 'also', 'porta', 'potty', 'people', 'water', 'bottle', 'ice', 'pack', 'etc', 'huge', 'fumble', 'alls', 'part', 'disgraceful', 'hate', 'part', 'camping', 'issue', 'due', 'alls', 'negligence', 'willingness', 'actually', 'step', 'handle', 'wristband', 'honestly', 'though', 'issue', 'wasnt', 'camping', 'allowing', 'random', 'fan', 'dictate', 'whole', 'entire', 'general', 'admission', 'line', 'rather', 'actual', 'arena', 'need', 'get', 'grip']",276,3037,0.9874,positive
Michael Temple,True,396,928,4,Nice venue but parking was a pain and very expensive,5 months ago,Weekend,1030 min,Yes,Nice venue but parking was a pain and very expensive,4.0,,Michael Temple,52,nice venue parking pain expensive,"['nice', 'venue', 'parking', 'pain', 'expensive']",5,52,-0.5499,negative
Krista Carr,True,24,2,1,THEY HONORED FAN MADE WRISTBANDS FOR A BILLIE CONCERT AND VIOLATED THEIR POLICIES AND WERE DISGUSTING AND RUDE TO THE PEOPLE WHO CAME AT 4AM AS SPECTRUM EMPLOYEES DIRECTED AND KICKED THEM OFF THE PROPERTY BUT THE PEOPLE WITH AMAZON WRISTBANDS GOT REAL WRISTBANDS FIRST. Kicked all of us out of 20th in line to almost 600!!!,5 months ago,Weekend,1 hr,No,THEY HONORED FAN MADE WRISTBANDS FOR A BILLIE CONCERT AND VIOLATED THEIR POLICIES AND WERE DISGUSTING AND RUDE TO THE PEOPLE WHO CAME AT 4AM AS SPECTRUM EMPLOYEES DIRECTED AND KICKED THEM OFF THE PROPERTY BUT THE PEOPLE WITH AMAZON WRISTBANDS GOT REAL WRISTBANDS FIRST. Kicked all of us out of 20th in line to almost 600!!!,1.0,,Krista Carr,323,honored fan made wristband billie concert violated policy disgusting rude people came spectrum employee directed kicked property people amazon wristband got real wristband first kicked line almost,"['honored', 'fan', 'made', 'wristband', 'billie', 'concert', 'violated', 'policy', 'disgusting', 'rude', 'people', 'came', 'spectrum', 'employee', 'directed', 'kicked', 'property', 'people', 'amazon', 'wristband', 'got', 'real', 'wristband', 'first', 'kicked', 'line', 'almost']",27,323,0.3202,positive
James McCoy,True,8,1,1,"What an ABSOLUTE JOKE that you all honored fan made wristbands from one group thats been camping out since Wednesday and have no affiliation with the Spectrum Center. You all rewarded that behavior, and that speaks volumes on your establishment. Not only that, they were saving their fake Amazon bought wristbands for their friends that werent even there yet and some even at the Raleigh show! How is that even remotely okay? This is exactly why fan made lines are never honored literally anywhere else since its all up for debate. The fact you all blindly followed this group and allowed them to do this to people is insane. You all should be ashamed of yourselves, especially the worker named Daniel they were all getting close to. They were even deleting people off the list they created that they were giving Daniel and his buddies while the ring leader of this whole thing had a giant smirk on her face. Im never coming to the Spectrum Center again, and Ill make sure everyone else I know never does too. Absolutely insane.",5 months ago,,,,"What an ABSOLUTE JOKE that you all honored fan made wristbands from one group thats been camping out since Wednesday and have no affiliation with the Spectrum Center. You all rewarded that behavior, and that speaks volumes on your establishment. Not only that, they were saving their fake Amazon bought wristbands for their friends that werent even there yet and some even at the Raleigh show! How is that even remotely okay? This is exactly why fan made lines are never honored literally anywhere else since its all up for debate. The fact you all blindly followed this group and allowed them to do this to people is insane. You all should be ashamed of yourselves, especially the worker named Daniel they were all getting close to. They were even deleting people off the list they created that they were giving Daniel and his buddies while the ring leader of this whole thing had a giant smirk on her face. Im never coming to the Spectrum Center again, and Ill make sure everyone else I know never does too. Absolutely insane.",1.0,,James McCoy,1028,absolute joke honored fan made wristband one group thats camping since wednesday affiliation spectrum center rewarded behavior speaks volume establishment not saving fake amazon bought wristband friend werent even yet even raleigh show even remotely okay exactly fan made line never honored literally anywhere else since debate fact blindly followed group allowed people insane ashamed especially worker named daniel getting close even deleting people list created giving daniel buddy ring leader whole thing giant smirk face never coming spectrum center ill make sure everyone else know never absolutely insane,"['absolute', 'joke', 'honored', 'fan', 'made', 'wristband', 'one', 'group', 'thats', 'camping', 'since', 'wednesday', 'affiliation', 'spectrum', 'center', 'rewarded', 'behavior', 'speaks', 'volume', 'establishment', 'not', 'saving', 'fake', 'amazon', 'bought', 'wristband', 'friend', 'werent', 'even', 'yet', 'even', 'raleigh', 'show', 'even', 'remotely', 'okay', 'exactly', 'fan', 'made', 'line', 'never', 'honored', 'literally', 'anywhere', 'else', 'since', 'debate', 'fact', 'blindly', 'followed', 'group', 'allowed', 'people', 'insane', 'ashamed', 'especially', 'worker', 'named', 'daniel', 'getting', 'close', 'even', 'deleting', 'people', 'list', 'created', 'giving', 'daniel', 'buddy', 'ring', 'leader', 'whole', 'thing', 'giant', 'smirk', 'face', 'never', 'coming', 'spectrum', 'center', 'ill', 'make', 'sure', 'everyone', 'else', 'know', 'never', 'absolutely', 'insane']",89,1028,0.925,positive
Jim Shippam,False,6,0,1,"Our whole family went to the Ringling Brothers Circus, our Daughter and son-in-law, Grandchildren, and Great Grandchildren. Our Daughter ordered the tickets in the balcony, suppose to be Great seats. When we got into the Spectrum Center we were ran from one end to the other of the Center. Finally we all had to go to the customer service help desk for help. We were informed that the balcony was closed do to not enough people in the Center. We had to take what seats were left available. By this time the Circus had already started, this really messed the whole trip up for the whole family. This is a perfect example of the Left hand not knowing what the Right hand is doing! I have no intentions of ever going to this nightmare place again!",9 months ago,,,,"Our whole family went to the Ringling Brothers Circus, our Daughter and son-in-law, Grandchildren, and Great Grandchildren. Our Daughter ordered the tickets in the balcony, suppose to be Great seats. When we got into the Spectrum Center we were ran from one end to the other of the Center. Finally we all had to go to the customer service help desk for help. We were informed that the balcony was closed do to not enough people in the Center. We had to take what seats were left available. By this time the Circus had already started, this really messed the whole trip up for the whole family. This is a perfect example of the Left hand not knowing what the Right hand is doing! I have no intentions of ever going to this nightmare place again!",1.0,,Jim Shippam,744,whole family went ringling brother circus daughter son law grandchild great grandchild daughter ordered ticket balcony suppose great seat got spectrum center ran one end center finally customer service help desk help informed balcony closed not enough people center take seat left available time circus already started really messed whole trip whole family perfect example left hand not knowing right hand intention ever going nightmare place,"['whole', 'family', 'went', 'ringling', 'brother', 'circus', 'daughter', 'son', 'law', 'grandchild', 'great', 'grandchild', 'daughter', 'ordered', 'ticket', 'balcony', 'suppose', 'great', 'seat', 'got', 'spectrum', 'center', 'ran', 'one', 'end', 'center', 'finally', 'customer', 'service', 'help', 'desk', 'help', 'informed', 'balcony', 'closed', 'not', 'enough', 'people', 'center', 'take', 'seat', 'left', 'available', 'time', 'circus', 'already', 'started', 'really', 'messed', 'whole', 'trip', 'whole', 'family', 'perfect', 'example', 'left', 'hand', 'not', 'knowing', 'right', 'hand', 'intention', 'ever', 'going', 'nightmare', 'place']",66,744,0.9656,positive
Stefano Lenci,True,84,683,5,"For American sports fans, especially the NBA, a stop at the Spectrum Center is highly recommended. It's an unmissable experience, allowing you to experience the unique atmosphere of NBA games in one of the American states where basketball is more than just a sport.",Edited 10 months ago,Weekday,1030 min,Yes,"For American sports fans, especially the NBA, a stop at the Spectrum Center is highly recommended. It's an unmissable experience, allowing you to experience the unique atmosphere of NBA games in one of the American states where basketball is more than just a sport.",5.0,,Stefano Lenci,265,american sport fan especially nba stop spectrum center highly recommended unmissable experience allowing experience unique atmosphere nba game one american state basketball sport,"['american', 'sport', 'fan', 'especially', 'nba', 'stop', 'spectrum', 'center', 'highly', 'recommended', 'unmissable', 'experience', 'allowing', 'experience', 'unique', 'atmosphere', 'nba', 'game', 'one', 'american', 'state', 'basketball', 'sport']",23,265,-0.0953,negative
Tony Hoggard,True,84,1,4,Only issues are being harassed by homeless while waiting to get it and customer service we'd get different answers to ticket questions.,11 months ago,Weekend,3060 min,Yes,Only issues are being harassed by homeless while waiting to get it and customer service we'd get different answers to ticket questions.,4.0,,Tony Hoggard,135,issue harassed homeless waiting get customer service get different answer ticket question,"['issue', 'harassed', 'homeless', 'waiting', 'get', 'customer', 'service', 'get', 'different', 'answer', 'ticket', 'question']",12,135,-0.5423,negative
Matthew Crumpton,True,55,23,5,Disturbed Concert. Featuring Nothing More and Daughtry,11 months ago,Weekend,No wait,Yes,Disturbed Concert. Featuring Nothing More and Daughtry,5.0,,Matthew Crumpton,54,disturbed concert featuring nothing daughtry,"['disturbed', 'concert', 'featuring', 'nothing', 'daughtry']",5,54,-0.3818,negative
Jana F,True,23,0,3,"security is kinda buns i wish it was more organized: multiple staff members walked past me in the time of me waiting from 5PM-6PM in line, just for them to wait all the way til i got close to the doors to tell me i cant have a camera and to go put it back. uncoordinated, couldve told me sooner in the time of a full hour i was waiting. thx for ruining half of my day try communicating with your colleagues next time",a year ago,Weekday,1 hr,Yes,"security is kinda buns i wish it was more organized: multiple staff members walked past me in the time of me waiting from 5PM-6PM in line, just for them to wait all the way til i got close to the doors to tell me i cant have a camera and to go put it back. uncoordinated, couldve told me sooner in the time of a full hour i was waiting. thx for ruining half of my day try communicating with your colleagues next time",3.0,,Jana F,416,security kinda bun wish organized multiple staff member walked past time waiting line wait way til got close door tell cant camera put back uncoordinated couldve told sooner time full hour waiting thx ruining half day try communicating colleague next time,"['security', 'kinda', 'bun', 'wish', 'organized', 'multiple', 'staff', 'member', 'walked', 'past', 'time', 'waiting', 'line', 'wait', 'way', 'til', 'got', 'close', 'door', 'tell', 'cant', 'camera', 'put', 'back', 'uncoordinated', 'couldve', 'told', 'sooner', 'time', 'full', 'hour', 'waiting', 'thx', 'ruining', 'half', 'day', 'try', 'communicating', 'colleague', 'next', 'time']",41,416,0.651,positive
Elaine Nash,True,17,0,3,"I would not get seat in the top level, you can not see big screen do to light hanging down and the singers are like ants. Facilities are okay, parking is okay, city is great for a visit. Put big screens up in the air.for no bleed seats we pay money too.",a year ago,,,,"I would not get seat in the top level, you can not see big screen do to light hanging down and the singers are like ants. Facilities are okay, parking is okay, city is great for a visit. Put big screens up in the air.for no bleed seats we pay money too.",3.0,,Elaine Nash,253,would not get seat top level not see big screen light hanging singer like ant facility okay parking okay city great visit put big screen air bleed seat pay money,"['would', 'not', 'get', 'seat', 'top', 'level', 'not', 'see', 'big', 'screen', 'light', 'hanging', 'singer', 'like', 'ant', 'facility', 'okay', 'parking', 'okay', 'city', 'great', 'visit', 'put', 'big', 'screen', 'air', 'bleed', 'seat', 'pay', 'money']",30,253,0.8225,positive
Doug Robinson,True,327,28,3,The Center is ok but the challenge is dealing with uptown Charlotte. Good luck trying to park. Such congestion car's people that useless train once inside you can relax.,Edited a year ago,Weekday,No wait,Yes,The Center is ok but the challenge is dealing with uptown Charlotte. Good luck trying to park. Such congestion car's people that useless train once inside you can relax.,3.0,,Doug Robinson,169,center challenge dealing uptown charlotte good luck trying park congestion car's people useless train inside relax,"['center', 'challenge', 'dealing', 'uptown', 'charlotte', 'good', 'luck', 'trying', 'park', 'congestion', ""car's"", 'people', 'useless', 'train', 'inside', 'relax']",16,169,0.8765,positive
Tiffany Burnett,True,13,21,3,"Venue is good, the ladies at the front door directing people are rude as hell. If you're so miserable at your job, find a new one. Terrible first impression, put them ladies in the back somewhere.",a year ago,Weekday,1030 min,Yes,"Venue is good, the ladies at the front door directing people are rude as hell. If you're so miserable at your job, find a new one. Terrible first impression, put them ladies in the back somewhere.",3.0,,Tiffany Burnett,196,venue good lady front door directing people rude hell miserable job find new one terrible first impression put lady back somewhere,"['venue', 'good', 'lady', 'front', 'door', 'directing', 'people', 'rude', 'hell', 'miserable', 'job', 'find', 'new', 'one', 'terrible', 'first', 'impression', 'put', 'lady', 'back', 'somewhere']",21,196,-0.9004,negative
Eric Elswick,False,3,0,2,"Great venue and show. Unfortunately im a little disappointed by the staff because although they were friendly even though they were overwhelmed, i asked two different staff members where the VIP entrance was for my VIP tickets and both of them pointed me in the wrong direction, one of them was even somewhat dismissive of my questions. This caused me to miss out on some of the free merch that came with my tickets because they told me to go into the wrong entrance.",a year ago,Weekday,Up to 10 min,Not sure,"Great venue and show. Unfortunately im a little disappointed by the staff because although they were friendly even though they were overwhelmed, i asked two different staff members where the VIP entrance was for my VIP tickets and both of them pointed me in the wrong direction, one of them was even somewhat dismissive of my questions. This caused me to miss out on some of the free merch that came with my tickets because they told me to go into the wrong entrance.",2.0,,Eric Elswick,467,great venue show unfortunately little disappointed staff although friendly even though overwhelmed asked two different staff member vip entrance vip ticket pointed wrong direction one even somewhat dismissive question caused miss free merch came ticket told wrong entrance,"['great', 'venue', 'show', 'unfortunately', 'little', 'disappointed', 'staff', 'although', 'friendly', 'even', 'though', 'overwhelmed', 'asked', 'two', 'different', 'staff', 'member', 'vip', 'entrance', 'vip', 'ticket', 'pointed', 'wrong', 'direction', 'one', 'even', 'somewhat', 'dismissive', 'question', 'caused', 'miss', 'free', 'merch', 'came', 'ticket', 'told', 'wrong', 'entrance']",38,467,0.8342,positive
Krysta Siciunas,True,133,174,3,"If you pay for upper deck seating, the seats are super small and ungodly uncomfortable. Security act like you standing and stretching your legs because of the darn seats is an abomination and you must move now! I mean really, you wear the wrong shoes and slip, you are rolling overboard from the decline in that place. DEFTONES ROCKED and I wish I could have gotten VIP for my daughter and myselfbackstage meet and greet evenautographs, but I don't have that kind of money, but this place being the Spectrum Center, come on now, can we get better seating? You truly get an arm and a leg for the tickets, can we have some comfort? Thanks in advance!",a year ago,Weekday,Up to 10 min,Yes,"If you pay for upper deck seating, the seats are super small and ungodly uncomfortable. Security act like you standing and stretching your legs because of the darn seats is an abomination and you must move now! I mean really, you wear the wrong shoes and slip, you are rolling overboard from the decline in that place. DEFTONES ROCKED and I wish I could have gotten VIP for my daughter and myselfbackstage meet and greet evenautographs, but I don't have that kind of money, but this place being the Spectrum Center, come on now, can we get better seating? You truly get an arm and a leg for the tickets, can we have some comfort? Thanks in advance!",3.0,,Krysta Siciunas,648,pay upper deck seating seat super small ungodly uncomfortable security act like standing stretching leg darn seat abomination must move mean really wear wrong shoe slip rolling overboard decline place deftones rocked wish could gotten vip daughter myselfbackstage meet greet evenautographs kind money place spectrum center come get better seating truly get arm leg ticket comfort thanks advance,"['pay', 'upper', 'deck', 'seating', 'seat', 'super', 'small', 'ungodly', 'uncomfortable', 'security', 'act', 'like', 'standing', 'stretching', 'leg', 'darn', 'seat', 'abomination', 'must', 'move', 'mean', 'really', 'wear', 'wrong', 'shoe', 'slip', 'rolling', 'overboard', 'decline', 'place', 'deftones', 'rocked', 'wish', 'could', 'gotten', 'vip', 'daughter', 'myselfbackstage', 'meet', 'greet', 'evenautographs', 'kind', 'money', 'place', 'spectrum', 'center', 'come', 'get', 'better', 'seating', 'truly', 'get', 'arm', 'leg', 'ticket', 'comfort', 'thanks', 'advance']",58,648,0.9706,positive
Kristen Butler,True,255,118,1,"Every single thing should have been fantastic- entry was easy, staff was communicative and polite, signage was on point and I could find everything I wanted. Ushers were easy to find, helpful, and lovely. I would have had a genuinely amazing experience here- except there was a giant spot light pointed directly at my seat at a very dark show. I dont turn on the over head lights in my house almost ever. Its like someone screaming in my ear. Its abrasive, its horrible, its impossible to ignore. This was exponentially worse than a home overhead light- it was an actual spotlight! In a dark concert! I also do not like being the center of attention, so knowing that my every move is highlighted to disturb everyone around me completely takes any enjoyment of the show Im watching. I had wanted to see two of the bands playing for decades. I was so excited to see them, and though my seats werent good, it cost me a lot to be there. We drove three hours to get to the show. I asked an usher for help- though polite, his answer was essentially its sold out, get over it. I also work at a performing arts venue- this is unacceptable. At no point when I booked was I alerted that there would be a spot light on my seat. We ended up having to leave the show while the main band was still on because I had a migraine from this light. Please be aware if you book an aisle seat, you might have a spot light uncomfortably on you. Probably just see whatever act you want to see in a different city and dont go to this venue.",a year ago,Weekday,No wait,Yes,"Every single thing should have been fantastic- entry was easy, staff was communicative and polite, signage was on point and I could find everything I wanted. Ushers were easy to find, helpful, and lovely. I would have had a genuinely amazing experience here- except there was a giant spot light pointed directly at my seat at a very dark show. I dont turn on the over head lights in my house almost ever. Its like someone screaming in my ear. Its abrasive, its horrible, its impossible to ignore. This was exponentially worse than a home overhead light- it was an actual spotlight! In a dark concert! I also do not like being the center of attention, so knowing that my every move is highlighted to disturb everyone around me completely takes any enjoyment of the show Im watching. I had wanted to see two of the bands playing for decades. I was so excited to see them, and though my seats werent good, it cost me a lot to be there. We drove three hours to get to the show. I asked an usher for help- though polite, his answer was essentially its sold out, get over it. I also work at a performing arts venue- this is unacceptable. At no point when I booked was I alerted that there would be a spot light on my seat. We ended up having to leave the show while the main band was still on because I had a migraine from this light. Please be aware if you book an aisle seat, you might have a spot light uncomfortably on you. Probably just see whatever act you want to see in a different city and dont go to this venue.",1.0,,Kristen Butler,1515,every single thing fantastic entry easy staff communicative polite signage point could find everything wanted usher easy find helpful lovely would genuinely amazing experience except giant spot light pointed directly seat dark show dont turn head light house almost ever like someone screaming ear abrasive horrible impossible ignore exponentially worse home overhead light actual spotlight dark concert also not like center attention knowing every move highlighted disturb everyone around completely take enjoyment show watching wanted see two band playing decade excited see though seat werent good cost lot drove three hour get show asked usher help though polite answer essentially sold get also work performing art venue unacceptable point booked alerted would spot light seat ended leave show main band still migraine light please aware book aisle seat might spot light uncomfortably probably see whatever act want see different city dont venue,"['every', 'single', 'thing', 'fantastic', 'entry', 'easy', 'staff', 'communicative', 'polite', 'signage', 'point', 'could', 'find', 'everything', 'wanted', 'usher', 'easy', 'find', 'helpful', 'lovely', 'would', 'genuinely', 'amazing', 'experience', 'except', 'giant', 'spot', 'light', 'pointed', 'directly', 'seat', 'dark', 'show', 'dont', 'turn', 'head', 'light', 'house', 'almost', 'ever', 'like', 'someone', 'screaming', 'ear', 'abrasive', 'horrible', 'impossible', 'ignore', 'exponentially', 'worse', 'home', 'overhead', 'light', 'actual', 'spotlight', 'dark', 'concert', 'also', 'not', 'like', 'center', 'attention', 'knowing', 'every', 'move', 'highlighted', 'disturb', 'everyone', 'around', 'completely', 'take', 'enjoyment', 'show', 'watching', 'wanted', 'see', 'two', 'band', 'playing', 'decade', 'excited', 'see', 'though', 'seat', 'werent', 'good', 'cost', 'lot', 'drove', 'three', 'hour', 'get', 'show', 'asked', 'usher', 'help', 'though', 'polite', 'answer', 'essentially', 'sold', 'get', 'also', 'work', 'performing', 'art', 'venue', 'unacceptable', 'point', 'booked', 'alerted', 'would', 'spot', 'light', 'seat', 'ended', 'leave', 'show', 'main', 'band', 'still', 'migraine', 'light', 'please', 'aware', 'book', 'aisle', 'seat', 'might', 'spot', 'light', 'uncomfortably', 'probably', 'see', 'whatever', 'act', 'want', 'see', 'different', 'city', 'dont', 'venue']",142,1515,0.9329,positive
Jack,False,7,1,1,had to throw away my fanny pack because it was too large. took an uber there. couldnt enter without throwing the bag away. a fanny pack. absolutely rude staff all around. show was great.,a year ago,,,,had to throw away my fanny pack because it was too large. took an uber there. couldnt enter without throwing the bag away. a fanny pack. absolutely rude staff all around. show was great.,1.0,,Jack,186,throw away fanny pack large took uber couldnt enter without throwing bag away fanny pack absolutely rude staff around show great,"['throw', 'away', 'fanny', 'pack', 'large', 'took', 'uber', 'couldnt', 'enter', 'without', 'throwing', 'bag', 'away', 'fanny', 'pack', 'absolutely', 'rude', 'staff', 'around', 'show', 'great']",21,186,0.204,positive
Benjamin Stone,False,4,0,1,"Got forced into a separate line from my wife of a different race, not once, but TWICE in the span of 3 minutes. I'm just trying to walk with my wife to our seats - can everyone please just chill out? It's not that serious.",a year ago,,,,"Got forced into a separate line from my wife of a different race, not once, but TWICE in the span of 3 minutes. I'm just trying to walk with my wife to our seats - can everyone please just chill out? It's not that serious.",1.0,,Benjamin Stone,222,got forced separate line wife different race not twice span minute trying walk wife seat everyone please chill not serious,"['got', 'forced', 'separate', 'line', 'wife', 'different', 'race', 'not', 'twice', 'span', 'minute', 'trying', 'walk', 'wife', 'seat', 'everyone', 'please', 'chill', 'not', 'serious']",20,222,0.3145,positive
Sincere X,True,43,3,3,"Went to three shows in February- Mary J, Martin Lawrence, and Lil Wayne and I have no complaints on the artists and their performances. However, I will never ever buy any seats above the 100 level. Made the mistake of cheaping out sec 231 on the first show and it was worst experience ever. People smoking black n milds right behind us and no staff member including security did anything about it no matter how many times everyone in the section complained! Why hire scared, elderly people for security if their unable to perform security!!!",a year ago,,,,"Went to three shows in February- Mary J, Martin Lawrence, and Lil Wayne and I have no complaints on the artists and their performances. However, I will never ever buy any seats above the 100 level. Made the mistake of cheaping out sec 231 on the first show and it was worst experience ever. People smoking black n milds right behind us and no staff member including security did anything about it no matter how many times everyone in the section complained! Why hire scared, elderly people for security if their unable to perform security!!!",3.0,,Sincere X,541,went three show february mary martin lawrence lil wayne complaint artist performance however never ever buy seat level made mistake cheaping sec first show worst experience ever people smoking black milds right behind staff member including security anything matter many time everyone section complained hire scared elderly people security unable perform security,"['went', 'three', 'show', 'february', 'mary', 'martin', 'lawrence', 'lil', 'wayne', 'complaint', 'artist', 'performance', 'however', 'never', 'ever', 'buy', 'seat', 'level', 'made', 'mistake', 'cheaping', 'sec', 'first', 'show', 'worst', 'experience', 'ever', 'people', 'smoking', 'black', 'milds', 'right', 'behind', 'staff', 'member', 'including', 'security', 'anything', 'matter', 'many', 'time', 'everyone', 'section', 'complained', 'hire', 'scared', 'elderly', 'people', 'security', 'unable', 'perform', 'security']",52,541,-0.9357,negative
Frux Adinfinitum,True,237,20,2,"They removed the cap off my water 1 without asking and 2 without a proper explanation of why I couldnt keep my lid. Frankly, I think its a ploy for them to make more money by me or my child spilling my water and having to spend another 5 to get a new one. The lady fumbled and said oh people could sneak drinks in or may throw the lid...ummmm, people who sneak drinks in do so with bottles they bring in...and people can throw a lot of things the actual bottle itself, as an example, so COME UP WITH BETTER EXCUSES, SPECTRUM CENTER. The security staff are a joke...needlessly rude...WATCH THEM AS THEY CHECK YOUR PURSE!!!! The lady was thoroughly checking my clutch and the man motioned for me to walk through the machine....ummmmm, no, I should be able to watch my purse being inspected. Especially because they are quick to move you through after the search and machine, you dont get the chance to make sure you have everything in your purse. And lastly, per usual, the seats are super tiny! I was sat next to a big man who wholeheartedly believed in the man spread his legs were spread W I D E so I was forced to hold my body close so we wouldnt be awkwardly rubbing against each other. Essentially, I spent 50 per seat, only to watch the game uncomfortably. I love my Hornets but I will stick to watching the games at home, with my big screen, comfortable seating, and fairly priced snacks.",a year ago,Weekend,1030 min,,"They removed the cap off my water 1 without asking and 2 without a proper explanation of why I couldnt keep my lid. Frankly, I think its a ploy for them to make more money by me or my child spilling my water and having to spend another 5 to get a new one. The lady fumbled and said oh people could sneak drinks in or may throw the lid...ummmm, people who sneak drinks in do so with bottles they bring in...and people can throw a lot of things the actual bottle itself, as an example, so COME UP WITH BETTER EXCUSES, SPECTRUM CENTER. The security staff are a joke...needlessly rude...WATCH THEM AS THEY CHECK YOUR PURSE!!!! The lady was thoroughly checking my clutch and the man motioned for me to walk through the machine....ummmmm, no, I should be able to watch my purse being inspected. Especially because they are quick to move you through after the search and machine, you dont get the chance to make sure you have everything in your purse. And lastly, per usual, the seats are super tiny! I was sat next to a big man who wholeheartedly believed in the man spread his legs were spread W I D E so I was forced to hold my body close so we wouldnt be awkwardly rubbing against each other. Essentially, I spent 50 per seat, only to watch the game uncomfortably. I love my Hornets but I will stick to watching the games at home, with my big screen, comfortable seating, and fairly priced snacks.",2.0,,Frux Adinfinitum,1394,removed cap water without asking without proper explanation couldnt keep lid frankly think ploy make money child spilling water spend another get new one lady fumbled said people could sneak drink may throw lid ummmm people sneak drink bottle bring people throw lot thing actual bottle example come better excuse spectrum center security staff joke needlessly rude watch check purse lady thoroughly checking clutch man motioned walk machine ummmmm able watch purse inspected especially quick move search machine dont get chance make sure everything purse lastly per usual seat super tiny sat next big man wholeheartedly believed man spread leg spread forced hold body close wouldnt awkwardly rubbing essentially spent per seat watch game uncomfortably love hornet stick watching game home big screen comfortable seating fairly priced snack,"['removed', 'cap', 'water', 'without', 'asking', 'without', 'proper', 'explanation', 'couldnt', 'keep', 'lid', 'frankly', 'think', 'ploy', 'make', 'money', 'child', 'spilling', 'water', 'spend', 'another', 'get', 'new', 'one', 'lady', 'fumbled', 'said', 'people', 'could', 'sneak', 'drink', 'may', 'throw', 'lid', 'ummmm', 'people', 'sneak', 'drink', 'bottle', 'bring', 'people', 'throw', 'lot', 'thing', 'actual', 'bottle', 'example', 'come', 'better', 'excuse', 'spectrum', 'center', 'security', 'staff', 'joke', 'needlessly', 'rude', 'watch', 'check', 'purse', 'lady', 'thoroughly', 'checking', 'clutch', 'man', 'motioned', 'walk', 'machine', 'ummmmm', 'able', 'watch', 'purse', 'inspected', 'especially', 'quick', 'move', 'search', 'machine', 'dont', 'get', 'chance', 'make', 'sure', 'everything', 'purse', 'lastly', 'per', 'usual', 'seat', 'super', 'tiny', 'sat', 'next', 'big', 'man', 'wholeheartedly', 'believed', 'man', 'spread', 'leg', 'spread', 'forced', 'hold', 'body', 'close', 'wouldnt', 'awkwardly', 'rubbing', 'essentially', 'spent', 'per', 'seat', 'watch', 'game', 'uncomfortably', 'love', 'hornet', 'stick', 'watching', 'game', 'home', 'big', 'screen', 'comfortable', 'seating', 'fairly', 'priced', 'snack']",128,1394,0.8969,positive
June Mcdonald,True,11,3,3,"One of the best places, but the downside is the large number of people and slightly high prices.",a year ago,,3060 min,Yes,"One of the best places, but the downside is the large number of people and slightly high prices.",3.0,,June Mcdonald,96,one best place downside large number people slightly high price,"['one', 'best', 'place', 'downside', 'large', 'number', 'people', 'slightly', 'high', 'price']",10,96,0.1406,positive
Candis King,True,19,0,3,"Took my sister to see Jelly Roll October 28, 2024. The worst sound system I've ever heard in concert.",a year ago,,,,"Took my sister to see Jelly Roll October 28, 2024. The worst sound system I've ever heard in concert.",3.0,,Candis King,101,took sister see jelly roll october worst sound system ever heard concert,"['took', 'sister', 'see', 'jelly', 'roll', 'october', 'worst', 'sound', 'system', 'ever', 'heard', 'concert']",12,101,-0.6249,negative
Sydney Noelle Romero,False,1,0,1,we lined up to enter the building and two security people cleared our bag sizes but once we reached the front of the line a different security person told us we were not cleared so they made us reline up. in the future i wish security people aligned with what they said to us so our time is not wasted,a year ago,Weekend,3060 min,Yes,we lined up to enter the building and two security people cleared our bag sizes but once we reached the front of the line a different security person told us we were not cleared so they made us reline up. in the future i wish security people aligned with what they said to us so our time is not wasted,1.0,,Sydney Noelle Romero,301,lined enter building two security people cleared bag size reached front line different security person told not cleared made reline future wish security people aligned said time not wasted,"['lined', 'enter', 'building', 'two', 'security', 'people', 'cleared', 'bag', 'size', 'reached', 'front', 'line', 'different', 'security', 'person', 'told', 'not', 'cleared', 'made', 'reline', 'future', 'wish', 'security', 'people', 'aligned', 'said', 'time', 'not', 'wasted']",29,301,0.9459,positive
Piper Rogers,True,17,0,1,"Operations were atrociously ineffectivemessy. Staff totally clueless. Dont even bother with concessions, as employees admittedly had zero training on their new checkout machines; took over 30 minutes to get a drink with maybe 15 people in line ahead of me. No napkins anywhere. The free refill stations were completely empty before half time save the 20. Oh, and the big screens were reversed from the actual court...? So strange. Money well spent on aesthetics, but clearly no effort in a providing an enjoyable experience for ticket holders.",a year ago,,,,"Operations were atrociously ineffectivemessy. Staff totally clueless. Dont even bother with concessions, as employees admittedly had zero training on their new checkout machines; took over 30 minutes to get a drink with maybe 15 people in line ahead of me. No napkins anywhere. The free refill stations were completely empty before half time save the 20. Oh, and the big screens were reversed from the actual court...? So strange. Money well spent on aesthetics, but clearly no effort in a providing an enjoyable experience for ticket holders.",1.0,,Piper Rogers,543,operation atrociously ineffectivemessy staff totally clueless dont even bother concession employee admittedly zero training new checkout machine took minute get drink maybe people line ahead napkin anywhere free refill station completely empty half time save big screen reversed actual court strange money well spent aesthetic clearly effort providing enjoyable experience ticket holder,"['operation', 'atrociously', 'ineffectivemessy', 'staff', 'totally', 'clueless', 'dont', 'even', 'bother', 'concession', 'employee', 'admittedly', 'zero', 'training', 'new', 'checkout', 'machine', 'took', 'minute', 'get', 'drink', 'maybe', 'people', 'line', 'ahead', 'napkin', 'anywhere', 'free', 'refill', 'station', 'completely', 'empty', 'half', 'time', 'save', 'big', 'screen', 'reversed', 'actual', 'court', 'strange', 'money', 'well', 'spent', 'aesthetic', 'clearly', 'effort', 'providing', 'enjoyable', 'experience', 'ticket', 'holder']",52,543,0.7551,positive
William Herrera,True,338,1884,3,"We have been going to the spectrum Center for years. I was previously a partial season ticket holder for the Charlotte Hornets. I gave them up due to the expenses that come with traveling to Charlotte from Winston Salem. My kids took me yesterday for the Knicks game as a Birthday gift. After being on an u organized and chaotic line for half hour, we get to the front and a security lady comes out of nowhere and tells my wife she cant go in with her CLEAR bag. I advised her we purchased it the previous year in the arena. She said, New owners, new rules in a nasty tone. The bag was about 3 inches bigger than the 7 they now admit, Mind you, its clear and was only 14 full. Then her and another security guard said get out of the line and go to the back after you put your bag in the car. They were doing this to a lot of people, even one with a stroller. They were not professional at all. Super Nasty! The worse part was that inside we saw bigger SOLID pocketbooks and bags!!!! Luckily it was a good game and I cooled down. The new colors on the basketball floor are cool. The overhead is crystal clear. Staff inside was nice. Prices are still high for food and drinks, add tickets and parking and its becoming a rich mans night out. We had fun and our NY Knicks won! Update: Its nice to come out here once in a while to catch a game but it gets expensive. Between tickets and parking, its become a rich mans sport, just like every other sport. My biggest complain is the food quality. They have switched over to self serve kiosks where you tap your card and grab and go. The food does not feel fresh and could be sitting quite a bit of time. They also have someone making you take the cap off your drinks and throwing them out. This becomes a hassle to carry and spill and sodas go flat quickly. We got the Chicken strips and waffle fries and they were worse than what you would get at a gas station. The nachos come in a small bag with a sealed cold cheese sauce, just nasty! Not a lot of nachos in the bag and no option of jalapeños or chili or HOT cheese! Just not worth it for the money you pay. Better off eating ahead or after the games. I would love to see more affordable t shirts or value worthy gifts for everyone, not just the people with money to spare. Would love to come to more games but 1 or 2 a year is my limit. I can only afford nosebleeds and for that I might as well stay in the comfort of my home.",Edited a year ago,Weekday,3060 min,Yes,"We have been going to the spectrum Center for years. I was previously a partial season ticket holder for the Charlotte Hornets. I gave them up due to the expenses that come with traveling to Charlotte from Winston Salem. My kids took me yesterday for the Knicks game as a Birthday gift. After being on an u organized and chaotic line for half hour, we get to the front and a security lady comes out of nowhere and tells my wife she cant go in with her CLEAR bag. I advised her we purchased it the previous year in the arena. She said, New owners, new rules in a nasty tone. The bag was about 3 inches bigger than the 7 they now admit, Mind you, its clear and was only 14 full. Then her and another security guard said get out of the line and go to the back after you put your bag in the car. They were doing this to a lot of people, even one with a stroller. They were not professional at all. Super Nasty! The worse part was that inside we saw bigger SOLID pocketbooks and bags!!!! Luckily it was a good game and I cooled down. The new colors on the basketball floor are cool. The overhead is crystal clear. Staff inside was nice. Prices are still high for food and drinks, add tickets and parking and its becoming a rich mans night out. We had fun and our NY Knicks won! Update: Its nice to come out here once in a while to catch a game but it gets expensive. Between tickets and parking, its become a rich mans sport, just like every other sport. My biggest complain is the food quality. They have switched over to self serve kiosks where you tap your card and grab and go. The food does not feel fresh and could be sitting quite a bit of time. They also have someone making you take the cap off your drinks and throwing them out. This becomes a hassle to carry and spill and sodas go flat quickly. We got the Chicken strips and waffle fries and they were worse than what you would get at a gas station. The nachos come in a small bag with a sealed cold cheese sauce, just nasty! Not a lot of nachos in the bag and no option of jalapeños or chili or HOT cheese! Just not worth it for the money you pay. Better off eating ahead or after the games. I would love to see more affordable t shirts or value worthy gifts for everyone, not just the people with money to spare. Would love to come to more games but 1 or 2 a year is my limit. I can only afford nosebleeds and for that I might as well stay in the comfort of my home.",3.0,,William Herrera,2425,going spectrum center year previously partial season ticket holder charlotte hornet gave due expense come traveling charlotte winston salem kid took yesterday knicks game birthday gift organized chaotic line half hour get front security lady come nowhere tell wife cant clear bag advised purchased previous year arena said new owner new rule nasty tone bag inch bigger admit mind clear full another security guard said get line back put bag car lot people even one stroller not professional super nasty worse part inside saw bigger solid pocketbook bag luckily good game cooled new color basketball floor cool overhead crystal clear staff inside nice price still high food drink add ticket parking becoming rich man night fun knicks update nice come catch game get expensive ticket parking become rich man sport like every sport biggest complain food quality switched self serve kiosk tap card grab food not feel fresh could sitting quite bit time also someone making take cap drink throwing becomes hassle carry spill soda flat quickly got chicken strip waffle fry worse would get gas station nacho come small bag sealed cold cheese sauce nasty not lot nacho bag option jalape chili hot cheese not worth money pay better eating ahead game would love see affordable shirt value worthy gift everyone not people money spare would love come game year limit afford nosebleed might well stay comfort home,"['going', 'spectrum', 'center', 'year', 'previously', 'partial', 'season', 'ticket', 'holder', 'charlotte', 'hornet', 'gave', 'due', 'expense', 'come', 'traveling', 'charlotte', 'winston', 'salem', 'kid', 'took', 'yesterday', 'knicks', 'game', 'birthday', 'gift', 'organized', 'chaotic', 'line', 'half', 'hour', 'get', 'front', 'security', 'lady', 'come', 'nowhere', 'tell', 'wife', 'cant', 'clear', 'bag', 'advised', 'purchased', 'previous', 'year', 'arena', 'said', 'new', 'owner', 'new', 'rule', 'nasty', 'tone', 'bag', 'inch', 'bigger', 'admit', 'mind', 'clear', 'full', 'another', 'security', 'guard', 'said', 'get', 'line', 'back', 'put', 'bag', 'car', 'lot', 'people', 'even', 'one', 'stroller', 'not', 'professional', 'super', 'nasty', 'worse', 'part', 'inside', 'saw', 'bigger', 'solid', 'pocketbook', 'bag', 'luckily', 'good', 'game', 'cooled', 'new', 'color', 'basketball', 'floor', 'cool', 'overhead', 'crystal', 'clear', 'staff', 'inside', 'nice', 'price', 'still', 'high', 'food', 'drink', 'add', 'ticket', 'parking', 'becoming', 'rich', 'man', 'night', 'fun', 'knicks', 'update', 'nice', 'come', 'catch', 'game', 'get', 'expensive', 'ticket', 'parking', 'become', 'rich', 'man', 'sport', 'like', 'every', 'sport', 'biggest', 'complain', 'food', 'quality', 'switched', 'self', 'serve', 'kiosk', 'tap', 'card', 'grab', 'food', 'not', 'feel', 'fresh', 'could', 'sitting', 'quite', 'bit', 'time', 'also', 'someone', 'making', 'take', 'cap', 'drink', 'throwing', 'becomes', 'hassle', 'carry', 'spill', 'soda', 'flat', 'quickly', 'got', 'chicken', 'strip', 'waffle', 'fry', 'worse', 'would', 'get', 'gas', 'station', 'nacho', 'come', 'small', 'bag', 'sealed', 'cold', 'cheese', 'sauce', 'nasty', 'not', 'lot', 'nacho', 'bag', 'option', 'jalape', 'chili', 'hot', 'cheese', 'not', 'worth', 'money', 'pay', 'better', 'eating', 'ahead', 'game', 'would', 'love', 'see', 'affordable', 'shirt', 'value', 'worthy', 'gift', 'everyone', 'not', 'people', 'money', 'spare', 'would', 'love', 'come', 'game', 'year', 'limit', 'afford', 'nosebleed', 'might', 'well', 'stay', 'comfort', 'home']",229,2425,0.9888,positive
Willie P,False,11,2,5,Took the wife to see Justin Timberlake. The only reason we had to wait 45 minutes is we showed up extra early to avoid the line. Getting in and out is the fastest of any event that we've been to. I had the burger box that came with waffle fries and the burger was good but the waffle fries were awesome! The only bad part was seating we had floor seats was so close to each other not only side by side but the chairs in front of us barely left room for people to walk by. Me and the wife wanted to dance around but could barely move. I'm not going to knock any stars off for that miniscule problem. JTs performance made up for that!,a year ago,Weekday,3060 min,Yes,Took the wife to see Justin Timberlake. The only reason we had to wait 45 minutes is we showed up extra early to avoid the line. Getting in and out is the fastest of any event that we've been to. I had the burger box that came with waffle fries and the burger was good but the waffle fries were awesome! The only bad part was seating we had floor seats was so close to each other not only side by side but the chairs in front of us barely left room for people to walk by. Me and the wife wanted to dance around but could barely move. I'm not going to knock any stars off for that miniscule problem. JTs performance made up for that!,5.0,,Willie P,632,took wife see justin timberlake reason wait minute showed extra early avoid line getting fastest event burger box came waffle fry burger good waffle fry awesome bad part seating floor seat close not side side chair front barely left room people walk wife wanted dance around could barely move not going knock star miniscule problem jts performance made,"['took', 'wife', 'see', 'justin', 'timberlake', 'reason', 'wait', 'minute', 'showed', 'extra', 'early', 'avoid', 'line', 'getting', 'fastest', 'event', 'burger', 'box', 'came', 'waffle', 'fry', 'burger', 'good', 'waffle', 'fry', 'awesome', 'bad', 'part', 'seating', 'floor', 'seat', 'close', 'not', 'side', 'side', 'chair', 'front', 'barely', 'left', 'room', 'people', 'walk', 'wife', 'wanted', 'dance', 'around', 'could', 'barely', 'move', 'not', 'going', 'knock', 'star', 'miniscule', 'problem', 'jts', 'performance', 'made']",58,632,-0.4374,negative
Nick Netting,True,176,102,3,"Iron Maiden ""sold out"" show. They put on an awesome performance. Fold out chairs for the ""front row"" lounge packed so tight you would have thought you were on spirit airlines. Didn't sit down much thank goodness Very easy to get in and out, no vapes.",a year ago,Weekday,1030 min,Yes,"Iron Maiden ""sold out"" show. They put on an awesome performance. Fold out chairs for the ""front row"" lounge packed so tight you would have thought you were on spirit airlines. Didn't sit down much thank goodness Very easy to get in and out, no vapes.",3.0,,Nick Netting,250,iron maiden sold show put awesome performance fold chair front row lounge packed tight would thought spirit airline sit much thank goodness easy get vapes,"['iron', 'maiden', 'sold', 'show', 'put', 'awesome', 'performance', 'fold', 'chair', 'front', 'row', 'lounge', 'packed', 'tight', 'would', 'thought', 'spirit', 'airline', 'sit', 'much', 'thank', 'goodness', 'easy', 'get', 'vapes']",25,250,0.9061,positive
Kieron Kennedy,False,10,0,4,Upper seats are cramped with no cup holders for your drink.,a year ago,Weekday,No wait,Yes,Upper seats are cramped with no cup holders for your drink.,4.0,,Kieron Kennedy,59,upper seat cramped cup holder drink,"['upper', 'seat', 'cramped', 'cup', 'holder', 'drink']",6,59,-0.296,negative
Madelyn Arion,True,182,298,3,"The Spectrum Center in Charlotte, NC, is a well-cared-for facility with impressive amenities and modern features. The venue itself is great, offering a comfortable and enjoyable experience for various events. However, the overall environment can be disappointing due to the crowds it attracts. Unfortunately, this often leads to the area becoming trashy and dirty, and potentially dangerous detracting from the otherwise excellent facilities. While the Spectrum Center has potential, the issues with ambiance and the behavior of some attendees impact the overall experience. Improved crowd management and maintenance could make it a superior venue.",a year ago,Weekday,Up to 10 min,Yes,"The Spectrum Center in Charlotte, NC, is a well-cared-for facility with impressive amenities and modern features. The venue itself is great, offering a comfortable and enjoyable experience for various events. However, the overall environment can be disappointing due to the crowds it attracts. Unfortunately, this often leads to the area becoming trashy and dirty, and potentially dangerous detracting from the otherwise excellent facilities. While the Spectrum Center has potential, the issues with ambiance and the behavior of some attendees impact the overall experience. Improved crowd management and maintenance could make it a superior venue.",3.0,,Madelyn Arion,648,spectrum center charlotte well cared facility impressive amenity modern feature venue great offering comfortable enjoyable experience various event however overall environment disappointing due crowd attracts unfortunately often lead area becoming trashy dirty potentially dangerous detracting otherwise excellent facility spectrum center potential issue ambiance behavior attendee impact overall experience improved crowd management maintenance could make superior venue,"['spectrum', 'center', 'charlotte', 'well', 'cared', 'facility', 'impressive', 'amenity', 'modern', 'feature', 'venue', 'great', 'offering', 'comfortable', 'enjoyable', 'experience', 'various', 'event', 'however', 'overall', 'environment', 'disappointing', 'due', 'crowd', 'attracts', 'unfortunately', 'often', 'lead', 'area', 'becoming', 'trashy', 'dirty', 'potentially', 'dangerous', 'detracting', 'otherwise', 'excellent', 'facility', 'spectrum', 'center', 'potential', 'issue', 'ambiance', 'behavior', 'attendee', 'impact', 'overall', 'experience', 'improved', 'crowd', 'management', 'maintenance', 'could', 'make', 'superior', 'venue']",56,648,0.9432,positive
Kaitlyn Smith,True,29,27,1,Was excited to see NF. The show was great. What wasn't so great was the rent a cop confiscating my vape OUTSIDE the venue. He said no vapes inside due to the xray machine. The people behind us had vapes and saw us have ours taken and they put theres in their waist bands and went thru the entrance with no issues. Even dip was confiscated. After the show we went to a local bar and they even said the rules were ridiculous.,a year ago,Weekend,3060 min,Yes,Was excited to see NF. The show was great. What wasn't so great was the rent a cop confiscating my vape OUTSIDE the venue. He said no vapes inside due to the xray machine. The people behind us had vapes and saw us have ours taken and they put theres in their waist bands and went thru the entrance with no issues. Even dip was confiscated. After the show we went to a local bar and they even said the rules were ridiculous.,1.0,,Kaitlyn Smith,423,excited see show great great rent cop confiscating vape outside venue said vapes inside due xray machine people behind vapes saw taken put there waist band went thru entrance issue even dip confiscated show went local bar even said rule ridiculous,"['excited', 'see', 'show', 'great', 'great', 'rent', 'cop', 'confiscating', 'vape', 'outside', 'venue', 'said', 'vapes', 'inside', 'due', 'xray', 'machine', 'people', 'behind', 'vapes', 'saw', 'taken', 'put', 'there', 'waist', 'band', 'went', 'thru', 'entrance', 'issue', 'even', 'dip', 'confiscated', 'show', 'went', 'local', 'bar', 'even', 'said', 'rule', 'ridiculous']",41,423,0.6908,positive
Pamela Hayes,True,51,318,4,Nice arena. Prefer smaller venues or outdoor for concerts. People were mad when I stood up and tried to jam.,a year ago,Weekend,No wait,,Nice arena. Prefer smaller venues or outdoor for concerts. People were mad when I stood up and tried to jam.,4.0,,Pamela Hayes,108,nice arena prefer smaller venue outdoor concert people mad stood tried jam,"['nice', 'arena', 'prefer', 'smaller', 'venue', 'outdoor', 'concert', 'people', 'mad', 'stood', 'tried', 'jam']",12,108,-0.1027,negative
Natalia Machado,True,121,133,1,"The place is Amazing, but yesterday 515 i had BAD experience with one bartender cashier her name is Bella Esiet. I bought 3 drinks and coast me 81,15. My friend asked her to put a little bit of juice and shes told my friend if my friend give her a tip shes could, but if not we had to move. The cup was filled last then half.",a year ago,Weekday,Up to 10 min,Yes,"The place is Amazing, but yesterday 515 i had BAD experience with one bartender cashier her name is Bella Esiet. I bought 3 drinks and coast me 81,15. My friend asked her to put a little bit of juice and shes told my friend if my friend give her a tip shes could, but if not we had to move. The cup was filled last then half.",1.0,,Natalia Machado,325,place amazing yesterday bad experience one bartender cashier name bella esiet bought drink coast friend asked put little bit juice shes told friend friend give tip shes could not move cup filled last half,"['place', 'amazing', 'yesterday', 'bad', 'experience', 'one', 'bartender', 'cashier', 'name', 'bella', 'esiet', 'bought', 'drink', 'coast', 'friend', 'asked', 'put', 'little', 'bit', 'juice', 'shes', 'told', 'friend', 'friend', 'give', 'tip', 'shes', 'could', 'not', 'move', 'cup', 'filled', 'last', 'half']",34,325,0.8573,positive
Chris Boschetti,True,562,113,5,Great venue for music !! - but be on the floor...drink cost is outrageous.,a year ago,Weekend,No wait,Yes,Great venue for music !! - but be on the floor...drink cost is outrageous.,5.0,,Chris Boschetti,74,great venue music floor drink cost outrageous,"['great', 'venue', 'music', 'floor', 'drink', 'cost', 'outrageous']",7,74,-0.465,negative
